,text,intent
681,ุงูุณูุฏุงู,infected cases
730,ูุงูู ุงููุญูุตุงุช ุงููุทููุจู ููุนุฑูู ูุฌูุฏ ุงูููุฑูุณ,disease detection
157,ููุงูุงุช,infected cases
428,ูุง ุฅุนุฏุงุฏ ูุตุงุจุฉ ุจูุชูู,infected cases
377,ุจุฑุงูู ุนููู ูุง ูููุณุฉ ุฑูุนุชู ุฑุฃุณูุง ูุงูู ู ุดุทูุฑุฉ,reviews
558,ูุงูู ุงูุณููุงุฑูู ุงููุงุฏู ููุงุตุงุจุฉ ูู ูุตุฑ,the evolution of the virus
733,ูููุณุชู ุณูุณูููุชู,greeting
485,ุจูุงู ูุฒุงุฑุฉ ุงูุตุญุฉ,infected cases
510,ูู ููุงู ุงู ุนูุงุฌ ุงู ูุตู ุ,treatment
388,ูุง ูู ุงููุฑููุง,about corona virus
401,ุงูุญุงูุงุช ูู ุงููููููู,infected cases
171,ุญุงูุงุช ุงูููู,infected cases
468,ุทุฑู ุชุทููุฑ ุงูุฎุถุฑูุงุช,sterilization and disinfection
63,ูู ุชู ุงูุชูุตู ูุนูุงุฌ ูููุฑูุณ ููุฑููุง,treatment
45,ุฃูุง ุฎุงูู ููู,panic among the people
549,ูุงูู ุงูุถู ุทุฑููู ููุชุทููุฑ,sterilization and disinfection
108,ุนุฏุฏ ุญุงูุงุช,infected cases
759,ุงูู ุงูุบุจุงุก ุฏู,reviews
678,ูู ุงูููุงูุงุช ุฐุงุช ุงูููุชุฑ ููู ุฃุดูุฑูุง n95. ูู ุชุณุชุฎุฏู ุนุฏุฉ ูุฑุงุช ุจุนุฏ ุชุนููููุง ุฌูุฏุง ุจุงููุญูู ุงู ูุง,sterilization and disinfection
365,ูุง ุขุฎุฑ ุงููุณุชุฌุฏุงุช ุงูุฏูููู ูู ุตูุน ูุงุตู ุงู ุนูุงุฌ,treatment
514,ูู ุนุฏุฏ ุงูุญุงูุงุช ุงูููู,infected cases
536,ุดุบู ุญูู,reviews
309,ุนุฏุฏ ุงููุตุงุจูู ูุงู ุฏูููุชู,infected cases
704,ูู ูุถูู ูู ุญุฏ ุญุฑุงุฑุชู ุจุชุจูู ุงูุตุจุญ ูฃูง ูุจุงููู ุจุชุทูุน ูฃูง ููฆ ุดุฑุท ุจุณ ูููุด ุชุนุจ ุฃู ุญุงุฌู ุฏู ุนุงุฏู,nothing identified
60,ูุชุชู,nothing identified
550,ูู ุงูููุฑุณ ุจููุชูู ูู ุงูุฌู,transfer methods
251,ุฃุฎุจุงุฑ ุงูุญุงูุงุช ูู ูุตุฑ ุฅู ูู ุฏู,infected cases
317,ูููู ุงูุฌูุนุฉ ูุงู ูุง ูููุณุฉ,infected cases
649,ูู ุนุฏุฏ ุงููุตุงุจูู ูู ูุตุฑ ุงูุงู,infected cases
464,ููู ูุชุนุงูู ูุน ุงููุดุชุฑูุงุช ูุจู ุฏุฎูู ุงูููุฒู,precautions
397,ุดูุฑุงู,reviews
471,ุงุนูู ุงูุจูุช ุงุฒุงู ูุงุณุชุฎุฏู ุงููู ูุญูู,sterilization and disinfection
356,ุงุนุฏุงุฏ ุงูุญุงูุงุช ูู ุฃููุฑุงููุง ู ุฑูุณูุง,infected cases
370,ูููู ุงูุชูุงุตูู ุนู ุชุณุฌูู ุงูุนูุงูู ุงูุบูุฑ ููุชุธูู,nothing identified
489,ูุฏู ูุงุนููู ุงูุฎู ูู ุงููุถุงุก ุนูู ุงูููุฑูุณ,treatment
738,ุงูุง ุงุณูู ูุงููู ู ุญุงุจุจ ุงุนุฑูู ุงูุชุฑ ูุงูููุณุฉ ูุงูู โค๏ธ,about bot
607,ุงูู ูู ุงููุฑููุง,about corona virus
601,ุงูุชููุณ ุฒุงู,breathing test
312,ุนุฏุฏ ุญุงูุงุช ูุตุฑ ุงูููุงุฑุฏุฉ,infected cases
314,ููุงุฐุง ูุงูุชู ุฎุตู ุงูุญุงูุงุช ุงูุชู ุชุญููุช ูุณูุจูุฉ ูุงูุญุงูุงุช ุงููุชููุงู ูู ุงุฌูุงูู ุงูุญุงูุงุช ุงููุตุงุจุฉ ุจุงูููุฑูุณุ,infected cases
26,ุงูุญุงูุงุช ูู ุงูุทุงููุง,infected cases
593,ูู ุงููุงุณู ุงูููุงุด ุตุญู ููุชุนุงูู ูุน ุงูููุฑููุง,muzzle/mask
594,ูุฑูุณุง,infected cases
67,ูุงูู ูุชู ุณุชุณุชูุฑ ุงูููุฑููุง,the evolution of the virus
455,ุนุฏุฏ ุงูุฅุตุงุจุงุช ูู ูุตุฑ ุญุณุจ ุงููุญุงูุธุงุช,infected cases
766,ุดูุฑุง ูุง ููุณูุฉ,reviews
657,ูุตุฑ ูุงูุณุนูุฏูู,infected cases
23,ูููู ุงุนุฑู ุงุนุฑุงุถ ููุฑูุง,symptoms
107,ุนุฏุฏ ุงูุฅุตุงุจุงุช ุงูููุงุฑุฏุฉ,infected cases
125,ูุงูู ุงููุณุงุญุฉ ุจูู ุดุฎุต ูุดุฎุต ุชุญูู ูู ุงูุฅุตุงุจุฉ ุจุงูููุฑุณ,precautions
732,ุดูุฑุง โฅ๏ธ,reviews
546,ุจุงู,end conversation
91,ุนุงูุฒ ุงุนุฑู ุฏุฑุฌู ุญุฑุงุฑุฉ ุงููุตุงุจ ุจุงููุฑููุง ุจุชุจูู ูุงู,symptoms
499,ูุฐู ุงูุญุงูุงุช ูู ุฃูุฑููุง,infected cases
752,ูู ููุจู ูููู ูููู ูู ุงููููุณ,infection by animals
288,ูู ูุฎุชุฑุน ูุฐุง ุงูููุฑูุณ ุงููุนููุ,nothing identified
299,ุงูุชู ููู,about bot
403,ุชูุงู,reviews
110,ูููู ุงุนูู ุงูุชุญููู ูููุ,laboratory
94,ููุง ุงูู ุงุนุฑุงุถ ุงูุงุตุงุจุฉ ุจุงูููุฑููุง ุ,symptoms
104,ุงุฎุฑ ุงุนุฏุงุฏ ูุฑููุง,infected cases
525,ุนุงูุฒ ุงุนุฑุงุถ ูุฑููุง ูุฎุงุตู ุงููุฑุญูู ุงูุงููู,symptoms
749,ุงูุง ุจุชุญุฑู ูุชูุฑ ุจุญูู ุดุบูู.  ุจุณ ุจุชุญุฑู ุจุนุฑุจูุชู   ุงูุฎุงุตู. ุจุณ ูููู ุงุนูู ุงูู ุงูู ูุง ุงุฑุฌุน ุงูุจูุช,precautions
518,ุงูุงู ูู ุงูุฑูุจุฉ,assessment
59,ุณุจู ุงูููุงูู,precautions
609,ููุถูุน ููุฑููุง ุณููุชูู ูุชู ุ,the evolution of the virus
768,ูู ุนุฏุฏ ุงููุตุงุจูู ุจูุฑููุง ุงูููู ุจูุตุฑ,infected cases
603,ูุชู ุชุฑุฌุน ุงูุงููุฑ ููุง ูุงูุช ูู ูุตุฑ ูุจู ูุฑููุงุ,infected cases
119,ูููุตุงุจูู ูู ูุตุฑ ุงูููุงุฑุฏุฉ ูุงู,infected cases
748,ุงูู ุงููุธุงู,nothing identified
569,ุฃููุงู,greeting
440,ุงูุฃุนุฑุงุถ ุงูุฎูููุฉ ุงููุฑููุฉ,symptoms
535,ูู  ุงูุชูุ,about business
717,ุงูุญุฌุฑ ุงูุตุญู ุจุฃุจูููุฑ ุงูุฅุณููุฏุฑูุฉ,home quarantine
727,ุงูุง ุจุณุงู ุนู ูุญุงูุธุฉ ูุนููุฉ,infected cases
630,ููู ุฏุฑุฌู ุงูุญุฑุงุฑู ูุชููููู,warm weather
325,ูุงููู ุดูุฑุง ุฌุฒููุง ูุจุฑูุงูุฌ ุฑุงุฆุน ุดูุฑุง ูููุณุฉ,reviews
203,ูู ููููุฏุง,infected cases
323,ูุง ุนุฏุฏ ุฅุตุงุจุงุช ูุตุฑ ุงูููู,infected cases
136,ูุง ุนุฏุฏ ุงููุตุงุจูู ุงูููู ูู ูุตุฑ,infected cases
167,ุนูุฏู ุจุฑุฏ ุดุฏูุฏ,assessment
650,ุจูุช ูุญุชุฑู ุงูู,kindness
430,ุงูุญุงูุงุช ูู ูุตู,infected cases
175,ุงูุง ูุงูุฏู ู ูุงูุฏุชู ูุจุงุฑ ูู ุงูุณู ูุนูุฏูู ุงูุถุบุท ูุฎุงูู ุนูููู ุฌุฏุง ูุฌุฑุงููู ุญุงุฌู,most vulnerable
416,ุชูุฑูุฑ ุงูุฅุตุงุจุงุช ูุงููููุงุช,infected cases
696,ุงูู ุงูุงุฎุจุงุฑ ูุง ูููุณุฉ,how are you
353,ูุฏุฉ ุงูุชุดุงุฑ ููุฑุณ ุนู ุงูุงุณุทุญ,transfer methods
458,ูู ุนุฏุฏ ุงูุญุงูุงุช ูู ุงูุณุนูุฏูุฉ,infected cases
321,ุฃุฎุจุงุฑ ุฅุนุฏุงุฏ ุงูููุฑูุณ ุงูุจูู ูู ูุตุฑ,infected cases
391,ูู ููุงู ุงูุตุงู ุ,treatment
641,ููุฑูุณ ููุฑููุง,about corona virus
434,ูู ุงูููุงูุงุช ุฐุงุช ุงูููุชุฑ ููู ุฃุดูุฑูุง ูุงุฑูุฉ n95. ูููู ุงุณุชุฎุฏุงููุง ุนุฏุฉ ูุฑุงุช ุจุนุฏ ุชุนููููุง ุฌูุฏุง ุจุงููุญูู,sterilization and disinfection
676,ุงุนุฑุงุถ ุงููุฑููุง,symptoms
86,ุงูุจุฑ ูุญุงูุท ููู ูุฑูุฑูุง,infected cases
616,ููุง ุงููุงุณ ุงููู ุจูุฌูููุง ุงูููุฑุณ ุจุชุชุนุฒู ููู ุ,business location
411,ูุฌููุฏ ุทูุจ .. ุจุงูุชูููู,reviews
708,ุนุฏุฏ ุงูุญุงูุงุช ู ุงุณุจุงูุง,infected cases
385,ูู ุงุฑุจุน ุงูุงู ุจุงุญุณ  ุจุงุญุชูุงู ุจุณูุท ุงูุตุจุญ ูุจูุฑูุญ ุจุนุฏ ุดููู,assessment
415,ุงูุง ุนูุฏู ุจุฑุฏ,assessment
713,ูู ุงูุฃุญุณู ุฃูุจุณ ุฌูุงูุชู ููุง ูุง,gloves
333,ุฅุนุฏุงุฏ ุณููุงุฌ,infected cases
10,ูู ุงูููุฑูุณ ููุฑูุง ูุจูู ุนูู. ุงูููุงุจุณ. ูุงูุงุญุฐูุฉ,transfer methods
191,ูููุฉ ุงูููุงูู ูู ููุฑููุง,precautions
6,ูุง ูู ูุฑุถ ูุฑููุง ูุงูุนูุงุฌ ูุทุฑู ุงูููุงุจู,treatment
477,ูู ุนูุฏู ุณุฎูููุฉ,assessment
85,ูู ุนุฏ ุงูุญุงูุงุช ูู ุงูุฑููุง ุงูููู,infected cases
765,ูู ุนุฏุฏ ุงููุตุงุจูู ุจูุตุฑ ุงูุงู,infected cases
596,ุงูุญุงูุงุช ุงููุตุงุจุฉ,infected cases
640,ุงูุง ุงุญุจู ูููุณุฉ,kindness
692,ุนุฏุฏ ุญุงูุงุช ุงูููู,infected cases
555,ูุง ูู ุฃุนุฑุงุถ ููุฑููุง,symptoms
118,ูุงู ุนุฏุฏ ุงูุญุงูุงุช ูุฑุณ ูุฑููุง ูู ูุตุฑ,infected cases
467,ุงูุงุนุฏุงุฏ ูู ูุตุฑ,infected cases
544,ุนู ุทุฑูู ุงูุงุฎุชูุงุท,transfer methods
618,ุนุงุฑูุฉ ููู ุ,nothing identified
144,ูุณุชุดููุงุช ุงูุญุฌุฑ ูู ูุตุฑ,business location
329,ูุงู ุงุนุฏุงุฏ ุฅุตุงุจุงุช ุงูููู,infected cases
769,ูุชู ูุชููู ููุฑูุณ ููุฑููุง ุ,about corona virus
224,ุงุนุฏุงุฏ ุงููุตุงุจูู ุงูููุงุฑุฏู,infected cases
653,ุงูุญุงูุงุช ุงูููู,infected cases
700,ุทูุจ ูู ุงูุฃุฑุฏู ูุงู ุญุงูุฉ,infected cases
61,ูู ุนุฏุฏ ุงูุงุตุงุจุงุช ูู ูุตุฑ ู ุงููููุช,infected cases
439,ุงูุณูุณุชู ูุงูุน ูุงุญุฌู,reviews
604,ุฅุฒูู,how are you
605,ุนุดุงู ุงููุตุฑููู ููุง ุงููู ููุดุชุบูููู,nothing identified
221,ุงูู ุงูุงููุงู ุงูุงู ูู ุงูุณูููุง ุฏูููุชู ุ,nothing identified
290,ูู ููู ุงููููุน ููู ุงูุฌููุฒู,spoken languages
697,ุงูุงุนุฏุงุฏ ูู ุฑูุณูุง ูุงู,infected cases
273,ูู ุงูุตุฏุงุน ูู ุฃุนุฑุงุถ ููุฑููุงุ,symptoms
564,ุงูุง ูููุณู ูุง ูููุณู ุงูุชู ุนุงููู ุงูู,how are you
719,ููู ูููู ุงูุญุฌุฑ ุงูุตุญู,home quarantine
289,ูู ุฃู ุญุงูุฉ ุธูุฑุช ูู ูุตุฑ ุงูุณ,infected cases
286,ููุฑุฌุน ุดุบููุง ุงูุชูุ,back to work
583,ุดูุฑุง ุนูู ุงูุฅูุงุฏุฉ ูุงููุฌููุฏ ุงูุนุธูู ุฎุงูุต ุชูุฏูุฑู ูุงุญุชุฑุงูู ููู ูุน ูุฒูุฏ ูู ุงููุฌุงุญ,reviews
153,ูู ุชุฌุจ ุนูู ุณุคุงูู,nothing identified
452,ุฅุนุฏุงุฏ ุงููุตุงุจูู ูู ูุตุฑ ูุงููููุช,infected cases
547,ูุนู,yes
631,ูู ุนุฏุฏ ุงูุญุงูุงุช ุงููุชููุน ุธูุฑูุง ูู ูุตุฑ,infected cases
65,ููุง,greeting
715,ุงูุชู ุจูุญ,nothing identified
639,ูู ููุฑููุง ููุชุดุฑ ุนุจุฑ ุงูููุงุก ุ,transfer methods
663,ุงุฒุงู ุงุนุฑู ุงุฐุง ูุงู ุนูุฏู ููุฑููุง ููุง ูุงุ,symptoms
241,ุงุนุฏุฏ ุงููุตุงุจูู ูู  ุงููุบุฑุจ,infected cases
170,ุนุฏุฏ ุงููุตุงุจูู ูุตุฑ,infected cases
755,ูู ุงูุฑููุง,infected cases
417,ุงุฒุงู ุงูุดุฎุต ูุนุฑู ุงูู ุนูุฏู ููุฑููุง ุงูู ุงูุนูุงูุฉ ุงููููุฒู ููุง,symptoms
34,ุงุนุฑุงุถ ูุฑููุง ุงูุงูููู,symptoms
572,"ูุนูุด ุงูุง ุจุณุงู ุนู ุงูููู ููุท 
ูุด ุงูุญุงูุงุช ูููุง",infected cases
27,ุงุนุฑุงุถ,symptoms
790,ูููู ุงุนุฑู ูุชู ูุชู ุงูุงูุชูุงุก ูู ููุฑุณ ูุฑููุง ููู ูุชุฃุซุฑ ุจุงุฑุชูุงุน ุฏุฑุฌุฉ ุงูุญุฑุงุฑุฉ,warm weather
142,ููุงุฐุง ูุง ูุชู ุฎุตู ุงุนุฏุงุฏ ุงููุชุนุงููู ูู ุงููุฑุถ ูู ุนุฏุฏ ุงูุงุตุงุจุงุช,nothing identified
709,ูุง ูู ูุณุงุฆู ุงูููุงูู ูู ููุฑุณ ููุฑููุง ุงููุณุชุฌุฏ,precautions
105,ุงูู,greeting
338,ุงุนุฏุงุฏ ุงูุญุงูุงุช ูู ุงูููุฏ,infected cases
169,ูู ุนุฏุฏ ุงูุงุตุงุจุงุช ูู ููููุช,infected cases
459,ุงูุง ุจุนูู ูู functional test,nothing identified
408,ููุณููู,nothing identified
336,ุนุฏุฏ ุงูุญุงูุงุช ุงููุตุงุจุฉ ูู ุงูููุฏ,infected cases
348,ูุงู ุนุฏุฏ ุงูุงุตุงุจู ุจููุฑูุณ ููุฑููุง ุจูุตุฑุ,infected cases
688,ููุงุกุฉ ๐,reviews
274,ุนุงูุฒู ุงุนุฑู ุงุฒุงู ุงุญุชูู ูุงูุง ูู ุงูุดุงุฑุน,precautions
36,ุฃููุง ูููุณู,greeting
682,ุนุฏุฏ ุงูุญุงูุงุช ุงูุฌุฏูุฏุฉ ูู ูุตุฑ,infected cases
654,ููุฑููุง ููุฎูุต ุฅูุชู,the evolution of the virus
71,ุขู ูู ุทุฑู ุงูุชูุงู ููุฑูุณ ููุฑููุง,transfer methods
512,ุนูุฏู ุงูู ูู ุงูุตุฏุฑ,assessment
297,ูุตุฏู ููููููู,nothing identified
620,ูุชู ููุชูู ูู ูุฐุง ุงููุจุงุก,the evolution of the virus
532,ูุญุดุชููู ูุง ุบุงููุฉ,crush
228,ุนูุงุฌ ููุฑูุณ ููุฑููุง ููููู ูุชููุฑ ุงูุชูุ,treatment
646,ูููุณุฉ,greeting
638,ุฃุฎุจุงุฑ ุฌุฏูุฏู,infected cases
432,ุนุฏุฏ ุงูุญุงูุงุช ูู ูุตุฑ,infected cases
242,ุนุฏุฏ ุงูุญูุงุช ุงูุงุฌุงุจูู ูู ุงูุฑููุง ูู ุณูุญุช,infected cases
223,ุฃุนุฏุงุฏ ุงููุตุงุจูู ุงูููุงุฑุฏุฉ ูู ูุตุฑ ูุงู,infected cases
352,ุงุนุฏุงุฏ ุงูุญุงูุงุช ูู ุงูุทุงููุง,infected cases
253,ุฃุฎุจุงุฑู ุฅูู,how are you
68,ุงุนุฑุงุถ ุงูุงุตุงุจุฉ ุจููุฑููุง,symptoms
486,ูู ุชู ุงูุชุดุงู ุนูุงุฌ,treatment
699,ูู ุงูุฃุญุณู ุฃูุจุณ ูุงุณู ููุง ูุฃ,muzzle/mask
590,ุงูููุงูู,precautions
346,ุฅุนุฏุงุฏ ุงููุตุงุจูู ูู ูุตุฑ ุจุณุจ ูุงุฑููุง,infected cases
507,ูุฃู ุนุฏุฏ ุงูุญุงูุงุช ูู ูุญุงูุธุฉ ุงููููุง,infected cases
69,ุตุฏุงุน,assessment
58,ุงุนุฑู ุงุฒุงู ุงูู ูุฑูุถ ููุฑููุง,symptoms
720,ุทุฑูุฑุงูููุงูู,precautions
30,ูุงู ุนุฏุฏ ุงููุตุงุจูู ูู ุงูุณุนูุฏูุฉ,infected cases
173,ูู ุดุฑุจ ุงูููููู ูููุณ ุถุฏ ููุฑูุณ ูุฑููุฉ,food and drinks
559,ุชูุฑูุฑ ุฅุนุฏุงุฏ ุงููุตุงุจูู ูู ูุตุฑ ุจุณุจ ูุงุฑููุง,infected cases
355,ุงูุญุธุฑ,curfew
659,ูุงู ุนุฏุฏ ุงูุญุงูุงุช ูู ุงููููุช ููุทุฑ,infected cases
372,ูุงู ุนุฏุฏ ุงููุตุงุจูู ูู ุงูุงุณูุงุนูููู,infected cases
587,ูู ุฏููุฉ ู ุงูุนุงูู ูุงุตุงุจูุง ุงูููุฑูุณ,infected cases
7,ุนุฏุฏ ุงูุงุตุงุจุงุช ูุฑููู ูู ูุตุฑ,infected cases
764,ุนุฏุฏ ุญุงูุงุช ูููุงุช ุงูููุฑููุง ูู ูุตุฑ ูุงูุฏูู ุงูุนุฑุจูุฉ,infected cases
278,ูู ุนุฏุฏ ุญุงูุงุช ุงููุตุงุจูู ุจุงููุฑุถ ูู ุฌูููุฑูู ูุตุฑ ุงูุนุฑุจูู,infected cases
457,ูููู,nothing identified
92,ุจุงูุชูููู ุงู ุดุงุก ุงููู ุชุนุงูู ูุฑุจูุง ูุญูุธูุง ุฌููุนุงู ูุงุฑุจ ุงูุนุงูููู,prayers
598,ูู ูู ุนุทุณ ูุงูุชุฑ ูู ูุฑู ูู ูู ูููุุ,assessment
236,ูููุณุฉ,greeting
393,ููููู ุงูุชุนุงูู ูุน ุงูููุฑุณ,precautions
423,ุขููุข,greeting
132,ูู ุนุฏุฏ ุงูุญุงูุงุช ุงููุตุงุจุฉ ูู ูุตุฑ,infected cases
239,ุงููุงููุฉ ุงูุฑุฆูุณูุฉ,greeting
577,ุนุฏุฏ ุญุงูุงุช ุงููุฑููุง ูู ูุทุฑ,infected cases
677,ุทูุจ ูุงุฐุง ุนู ุงููุตู ุ,treatment
129,ูุง ุดูุฑุง,no
624,ุงูุงุฑุฏู,infected cases
134,ูุง ูุญุงูุธุฉ ุงููููุง ุงููู ูู ูุตุฑ ูุด ุงูุฏููู,infected cases
16,ุฃููุง ูุงููุณุง,greeting
660,ุงููุตุงุจูู ูุฏ ุฅูู ุงูููุงุฑุฏุฉ,infected cases
735,ุงุนุฏุงุฏ ุงูุญุงูุงุช ูู ุฅุณุฑุงุฆูู,infected cases
83,ุงูุง ุดุงูู ุงู ูู ุญุฏ ูู ุงูุฌูุฑุงู ุนูุฏู ุงูููุฑุณ ุงูู ุงูุฑูู ุงููู ุงุชุตู ุจูู ุนุดุงู ุงุจูุบูู,emergency
484,ุดูุฑุง ูุญุถุฑุชู ูุฌุฒุงูู ุงููู ุฎูุฑุง,reviews
504,"ูุง ูุด ุงูุญุถุงูู, ุงูููุถูุน ููู ููุฎูุต ุงูุชู",nothing identified
576,ููุฑููุง*,about corona virus
51,ูุง ูู ูุณุชุดููุงุช ุงูุนุฒู ูู ุงููุงูุฑุฉ ุ,business location
265,ุนุฑูุช ุงู ุณุงุนุงุช ุจูุธูุฑ ุทูุญ ุฌูุฏู ูู ุฏุง ุตุญูุญ,symptoms
722,ุญุงูุงุช ุงููุงุฑุฏู,infected cases
470,ุทูุจ ุงูู ูุฑู ููุฑููุง ุนู ุงูุงูููููุฒุง,comparison
767,ุฅุฒุงู ุฃุทูุฑ ุงูุจูุช,sterilization and disinfection
164,ุงููุงุง,greeting
474,ูู ุงูููุฑููุง ูููู ูุชุญูู ููุฑุถ ููุณูู ุ,about corona virus
209,ุณุคุงูู ูู ุงูุตุฏุงุน ุงูุดุฏูุฏ ูุงููุจูุท ููู ุงุนุฑุงุถ ุงูุถุบุท ุงูููุฎูุถ ูุน ูุฒุงู ู ุงูุฌุณู ูุงูุชูุงุจ ู ุงูุญูู,assessment
307,ูู ุชู ุงุฎุชุฑุงุน ุนูุงุฌ ููุฑููุง,treatment
303,ุงูุญุงูุงุช ูู ูุทุฑ,infected cases
611,ุฅูู ูู ุนุฏุฏ ูููุงุช ูุตุฑ ุงูููุงุฑุฏุฉ ููู ุฑูู,infected cases
539,ุงูุฃุนุฑุงุถ ุงูุงุณุงุณูู ูููุฑูุณ ููุฑููุง,symptoms
90,ูู ููุชูู ฺคูุฑุณ ูุฑููุง ุจุงูููุงุก,transfer methods
162,ูุงู ุนุฏุฏ ุงูุญุงูุงุช ูู ูุตุฑ,infected cases
2,ูุชู ููุชูู ููุฑููุงุ,the evolution of the virus
243,ูู ุนุฏุฏ ุงูุญุงูุงุช ูู ูุตุฑ,infected cases
320,ุงุนุฏุงุฏ ุงููุตุงุจูู ูู ูุตุฑ ู ุงููููุช ู ุงูุทุงููุง ุงูุณุนูุฏูุฉ ูุจูุงู,infected cases
327,ูู ุงููุฑู ุฏู ูุจุฑุถู ูุงุฌูุจุชุด ุนู ุงูุณุคุงู,nothing identified
339,ูู ุงูุชูุงุจ ุงูุฌููุจ ุงูุฃูููุฉ ูููู ูุณุจุจ ูุฑููุง,symptoms
586,ุนุฏุฏ ุงูุงุตุงุจุงุช ูู ูุตุฑ,infected cases
736,ุงููุฑู ุจูู ุงูุงูููููุฒุง ูุงูููุฑููุง,comparison
612,ุงุนุฏุงุฏ ุงููุตุงุจูู ูู ุงูุดุฑููู,infected cases
681,ุงูุณูุฏุงู,infected cases
730,ูุงูู ุงููุญูุตุงุฆ ุงููุทููุจู ููุนุฑูู ูุฌูุฏ ุงุขููุฑุคุณ,disease detection
157,ููุงูุงุช,infected cases
428,ูุง ุฅุนุฏุงุณ ูุตุงุจุฉ ุจูุชูู,infected cases
377,ุจุฑุงูู ุนููู ูุง ูููุณุฉ ุฑูุนูู ุฑุฃุณูุง ูุฑูู ู ุดุทูุฑุฉ,reviews
558,ูุงูู ุงูุณููุงุฑูุซ ุงููุงุฏู ููุงุตุฃุจุฉ ุขู ูุตุฑ,the evolution of the virus
733,ูููุณุชู ุทูุณูููุชู,greeting
485,ุจูุงู ูุฒุนุฑุฉ ุงูุตุญุฉ,infected cases
510,ูู ููุงู ุงู ุนูุงุฌ ุงุฒ ูุตู ุ,treatment
388,ูู ูู ุงููุฑููุง,about corona virus
401,ุงูุญุงูุงุช ูู ุงูููููุญู,infected cases
171,ุณุงูุงุช ุงูููู,infected cases
468,ุทุฑู ุชุทููุฑ ุงูุฃุถุฑูุงุช,sterilization and disinfection
63,ูู ุชุน ุงูุชูุตู ูุนูุงุฌ ูููุฎูุณ ููุฑููุง,treatment
45,ุฃูุง ุฎุงูู ููู,panic among the people
549,ูุงูู ุงูุถู ุทุฑููู ููุชุฆููุฑ,sterilization and disinfection
108,ุนุฏุฏ ุญุงูุงุช,infected cases
759,ุงูู ุงุฃุบุจุงุก ุฏู,reviews
678,ูู ุฐููุงุงูุงุช ุฐุงุง ุงูููุชุฑ ููู ุฃุดูุฑูุง n95. ูู ุงุณุชุฎุฏู ุนุฏุฉ ูุฑุงุช ุจูุฏ ุชุนููุฃูุง ุฌููุง ุจุงููุญูู ุงู ูุง,sterilization and disinfection
365,ูุง ุขุฎุฑ ุนููุณุชุฌุฏุงุช ุงุซุฏูููู ูู ุตูุน ูุงุตู ุงู ููุงุฌ,treatment
514,ูู ุนุฏุฏ ุงููุงูุงุช ุงูููู,infected cases
536,ุดุบู ุญูู,reviews
309,ุนุฏุฏ ุงููุตุงุจูุฐ ูุงู ุธูููุชู,infected cases
704,ูู ูุถูู ูู ุญุฏ ุญุซุฆุฑุชู ุจุฒุจูู ุงูุตุจุญ ูฃูง ูุจุงููู ุจุชุทูุน ูฃูง ูุฒ ุดุฑุท ุจุณ ูููุด ุชุนุจ ุฃู ุญุงุฌู ุฏู ุนุงุนู,nothing identified
60,ูุชุชู,nothing identified
550,ูู ุงูููุฑุณ ุจููุชูู ุฐู ุงูุฌู,transfer methods
251,ุฃุฎุจุงุฑ ุงูุญููุงุช ูู ูุตุฑ ุฅู ูู ุฏู,infected cases
317,ูููู ุฃูุฌูุนุฉ ูุงู ูุง ูููุณุฉ,infected cases
649,ูู ุนุฏุฏ ุงููุตุงุจูู ูุฑ ูุตุฑ ุงุฎุงู,infected cases
464,ููู ูุชุทุญูู ูุน ุงููุดุชุฆูุงุช ูุจู ุฏุฎูู ุงูููุฒู,precautions
397,ุดูุฑุงู,reviews
471,ุงุนูู ุงูุจูุช ุงุฒุงู ูุงุณุชุฎุฏู ุณููู ูุญูู,sterilization and disinfection
356,ุงุนุฏุงุณ ุงูุญุงูุงุช ูู ุฃููุฑุฎููุง ู ุฑูุณูุง,infected cases
370,ุฑููู ุงูุชูุงุตูู ุนู ุชุณุฌูู ุงูุนูุงูู ุตูุฆูุฑ ููุชุธูู,nothing identified
489,ูุฏู ูุงุนููู ุฑูุฎู ูู ุงููุถุงุก ุนูุธ ุงูููุฑูุณ,treatment
738,ุงูุง ุงุณูู ูุงููู ู ุญุงุจุจ ุงุนุฑูู ุงุนุชุธ ูุงูููุณุฉ ูุงูู ู๏ธ,about bot
607,ุงูู ูู ุงููุฑููุง,about corona virus
601,ุงูุชููุณ ุฒุงู,breathing test
312,ุนุฏุฏ ุญุงูุงุช ูุตุฑ ุงูุฆูุงุฑุฏุฉ,infected cases
314,ููุงุฐุง ููููู ุฎุตู ุงูุญุงูุงุช ุงูุชุถ ุชุญููุช ูุณูุจูุฉ ูุงุงุญุงูุงุช ุงููุชูุฃุงู ูู ุงุฌูุงูู ุฎูุญุงูุตุช ุงููุตุงุจุฉ ุจุงูููุฑูุณุ,infected cases
26,ุงูุญุงุฏุงุช ูู ุงูุทุงููุง,infected cases
593,ูู ุงููุงุณู ุงุฌูุกุงุด ุตุญู ุซูุชุนุงูู ูุน ุงูููุฑููุง,muzzle/mask
594,ูุฑูุณุง,infected cases
67,ูููู ูุชู ุญุชุณุชูุฑ ุงูููุฑููุง,the evolution of the virus
455,ุนุฏุฏ ุงูุฅุขุงุจุงุช ูู ูุตุฑ ุญุณุจ ุงููุญุตูุธุงุช,infected cases
766,ุดูุฑุง ุธุง ููุณูุฉ,reviews
657,ูุตุฑ ูุงูุณุบูุฏูู,infected cases
23,ูููู ุงุนุฑู ุงุนุฑุงุถ ูุซุฑูุง,symptoms
107,ุนุฏุฏ ุงุฏุฅุตุงุจุงุช ุงูููุงุฑุฏุฉ,infected cases
125,ูุงูู ุงูุฒุณุงุญุฉ ุจูู ูุฎุต ูุฃุฎุต ุชุญูู ูู ุงูุฅุตุงุจุฉ ุจุงุฒููุฑุณ,precautions
732,ุดูุฑุง โฅ๏ธ,reviews
546,ุจุงู,end conversation
91,ุนุงุฌุฒ ูุนุฑู ุฏุฑุฌู ุญุฑุงุฑุฉ ุงููุตุงุจ ุจุงููุฑููุง ุจุชุจูู ูุงู,symptoms
499,ูุฐู ุงูุญุงูุงุช ูู ุฃูุฑูุฏุง,infected cases
752,ูู ูููู ูููู ูููุค ูู ุงููููุณ,infection by animals
288,ูู ูููุฑุน ูุฐุง ุงูููุฑูุณ ุงููุนููุ,nothing identified
299,ุงูุชู ููู,about bot
403,ุชูุงู,reviews
110,ูููู ุงุนูู ุงูุชุญููู ูููุ,laboratory
94,ููุง ุงูู ุงุนุฑุงุถ ุงูุงุตุงุฑุฉ ุจุงูููุฑููุง ุฒ,symptoms
104,ุงูุฑ ุงุนุฏุงุฏ ูุฑููุง,infected cases
525,ุนุงูุฒ ุงุนุฑุงุถ ูุฑุฆูุง ูุฎุงุตุซ ุงููุฑููู ุงูุงููู,symptoms
749,ุงูุง ุจุชุญุฑู ูุชูุฑ ุจุญูู ุดุบูู.  ุทุณ ุขุชุญุฑู ุบุนุฑุจูุชู   ููุฎุงุตู. ุจุณ ูููู ุงุนุฏู ุฐูู ุงูู ูุง ุงุฑุฌุน ุงูุจูุช,precautions
518,ุงูุงู ูู ุงูุฑุดุจุฉ,assessment
59,ุณุจู ุงูููุงูุธ,precautions
609,ููุถูุน ููุฑููุง ุณูุดุชูุฃ ูุชู ุ,the evolution of the virus
768,ูู ุนุฏุฏ ุงููุตุงุจูู ุจูุฑููุง ุงุฆููู ุกูุตุฑ,infected cases
603,ูุชู ุชุฑุถุน ุงูุงููุฑ ููุง ูุงูุง ูู ูุตุฑ ูุจู ูุฑููุงุ,infected cases
119,ูููุตุงุจูู ุตู ูุตุฑ ุงูููุงูุฏุฉ ูุงู,infected cases
748,ุงูู ุงููุธุงู,nothing identified
569,ุฃููุงู,greeting
440,ุงูุฃุนุฑุงุถ ุงุฉุฎูููุฉ ุงููุฑููุฉ,symptoms
535,ูู  ุงูุชูุ,about business
717,ุงูุญุฌุฑ ุงูุตุญุจ ุจุฃุจูููุฑ ุงูุฅุณููุฏุฑูุฉ,home quarantine
727,ุงูู ุจุณุงู ุนู ูุญุงูุธุฉ ูุนูุฅุฉ,infected cases
630,ููู ุฏุบุฌู ุงูุบุฑุงุฑู ูุชููููู,warm weather
325,ูุงููู ุดูุฑุง ุฌุฒููุฌ ูุจุฑูุงูุฌ ุธุงุฆุน ุดุขุฑุง ูููุณุฉ,reviews
203,ูู ููููุฏุง,infected cases
323,ูุง ุนุฏุฏ ุฅุตุงุจุงุช ูุตุฑ ุงููุขู,infected cases
136,ูุณ ุนุฏุฏ ุงููุตุงุจูู ุงูููู ูู ูุฏุฑ,infected cases
167,ุนูุฏู ุจุฑุฏ ุดุฏุฅุฏ,assessment
650,ุจูุช ูุญุชุฑู ุงุธู,kindness
430,ุงูุญุงุคุงุช ูู ูุตู,infected cases
175,ุงูุฐ ูุงูุฏู ู ูุงูุฏุชู ูุจุงุฑ ูู ุงูุณุฒ ูุนูุฏูู ุฎูุถุบุท ูุฎุงูู ุบูููู ุฌุฏุง ูุฌุฑุงููู ุญุงุทู,most vulnerable
416,ุชูุฑูุฑ ุงููุตุงุจุงุช ุฒุงููููุงุช,infected cases
696,ุงูู ุงูุงุฎุจุงุฑ ูุง ูููุณุข,how are you
353,ูุฏุฉ ุงูุชุดุงุฑ ููุฑุณ ุนู ุงูุงุณุฆุญ,transfer methods
458,ูู ุนุฏุฏ ุงูุญุงูุงู ุณู ุงูุณุนูุฏูุฉ,infected cases
321,ุฃุฎุจุงุฑ ุฅุนุฏุงุฏ ุซูููุฑูุณ ุงูุจูู ูู ุนุตุฑ,infected cases
391,ูู ููุงู ุงูุฎุงู ุ,treatment
641,ุซูุฑูุณ ููุฑููุง,about corona virus
434,ูู ุงูููุงูุงุช ุฐุงุช ุงูููุชุฑ ููู ุฃุฆูุฑูุง ุจุงุฑูุต ุถ95. ูููู ุงุณุชุฎุฏุงููุง ุฎุฏุฉ ูุฑุงุช ุจุนุฏ ุชุนููููุง ุกูุฏุง ุจุงููุญุฒู,sterilization and disinfection
676,ุงุนุฑุงุฏ ุงููุฑููุง,symptoms
86,ุงูุจุฑ ูุญุงุกุท ููู ูุฑูุฑูุง,infected cases
616,ููุง ุงููุงุณ ุงููู ุจูุฌููุทุง ุฆูููุฑุณ ุจุชุชูุฒู ููู ุ,business location
411,ูุฌููุฏ ุทูุจ .ุญ ุจุงูุชูููู,reviews
708,ุนุถุฏ ุงูุญุงูุงุช ู ุงุณุจุงูุง,infected cases
385,ูู ุงุฑุจุน ุงูุงู ุจุงุญุณ  ุจุงุญุชูุงู ุจุณูุท ุงูุตุจุญ ูุจูุจูุญ ุจุนุฏ ุฎุกูู,assessment
415,ุงูุง ุนูุฏู ุจุฑุฏ,assessment
713,ูู ุงูุฃุญุณู ุฃูุจุณ ุฌูุงูุชู ููุง ูุง,gloves
333,ุฅุนุฏุงุฏ ุณููุงุฌ,infected cases
10,ูู ุงูููุฑูุจ ููุฑูุง ูุจูู ุนูู. ุงูููุงุจุณ. ูุงูุงุญุดูุฉ,transfer methods
191,ููุฃุฉ ุงูููุงูู ูู ููุฑููุง,precautions
6,ูุง ูู ูุฑุถ ูุฑููุง ูุงูุนูุงุฒ ูุทุฑู ุงููุฌุงุจู,treatment
477,ูู ุนูุบู ุณุฎูููุฉ,assessment
85,ูู ุนุฏ ุงูุญุงูุงุช ูู ุงูุฑููุง ุงูููู,infected cases
765,ูู ุนุฏุฏ ุงููุฐุงุจูู ุจูุตุฑ ุดูุงู,infected cases
596,ุงูุญุงูุถุช ุงููุตุงุจุฉ,infected cases
640,ุงูุง ุงุญุจู ุซููุณุฉ,kindness
692,ุนุฏู ุญุงูุงุช ุงูููู,infected cases
555,ูุง ูู ุฃุนุฑุงุถ ููุฑููุง,symptoms
118,ูุงู ุนุนุฏ ุงูุญุงูุงุช ูุฑู ูุฑููุง ูู ูุตุฑ,infected cases
467,ุงูุงุนุฏุงุฏ ูู ูุตุฑ,infected cases
544,ุนู ุทุฑูู ุงูุงุฎุฎูุงุท,transfer methods
618,ุนุงุฑูุฉ ููู ุ,nothing identified
144,ูุณุชุดูุคุงุช ุงูุญุฌุฑ ูู ูุตุฑ,business location
329,ูุงู ุงุนุฏุงุฏ ุฅุตุงุจุงุช ุงูููู,infected cases
769,ุฑุชู ูุชููู ููุฑูุณ ููุฑุฉูุง ุ,about corona virus
224,ุงุนุฏุงุฏ ุงููุตุงุจูู ุงููุฅุงุฑุฏู,infected cases
653,ุงูุญุงูุงุช ุงูููุฌ,infected cases
700,ุทูุจ ูู ุงูุฃุฑุฏู ูุงู ุญุงูุท,infected cases
61,ูู ุนุฏุฏ ุงูุงุตุงุจุงุช ูู ูุตุฑ ู ุงุธูููุช,infected cases
439,ุงูุณูุณุชู ูุงูุซ ูุงุญุฌู,reviews
604,ุฅุฒูู,how are you
605,ุนุดุงู ุงููุตุฑููู ููุง ุงูุดู ูุฎุดุชุบูููู,nothing identified
221,ุณูู ุงูุงููุงู ุงูุงู ูู ุฏูุณูููุง ุฏููุจุชู ุ,nothing identified
290,ูู ููู ุงููููุน ููู ุงูุฌููุจุถ,spoken languages
697,ุงูุงุนุฏุฎุฏ ูู ุฑูุณูุง ูุงู,infected cases
273,ูู ุงูุตุฏุงุน ูู ุฃุนุฑุญุถ ููุฑููุงุ,symptoms
564,ุงูุง ูููุณู ูุง ูููุณู ุงูุชู ุนุงููู ุญูู,how are you
719,ููู ูููู ุงูุญูุฑ ุงูุตุญู,home quarantine
289,ูู ุฃู ุญุงูุฉ ุธูุฑุฉ ูู ููุฑ ุงูุณ,infected cases
286,ูุณุฑุฌุน ุดุบููุง ุงูุชูุ,back to work
583,ุดูุฑุง ุนูู ุงูุฅูุงุฏุฉ ุทุงููุฌููุฏ ุงูุนุธุฑู ุฎุงูุต ุชูุฏูุฑู ูุงูุชุฑุงูู ููู ูุน ูุฒูุฏ ุนู ุงููุฌุงุญ,reviews
153,ูู ุชุฌุจ ุนูู ุณุคุงูู,nothing identified
452,ุฅุนุฏุฆุฏ ุงููุตุจุจูู ูู ูุตุฑ ูุงููููุช,infected cases
547,ูุนู,yes
631,ุถู ุนุฏุฏ ุงูุญุงูุงุช ุงููุชููุน ุธูููุง ูู ูุตุฑ,infected cases
65,ููุง,greeting
715,ุงูุชู ุจูุญ,nothing identified
639,ูู ูุชุฑููุง ูุงุชุดุฑ ุนุจุฑ ุงูููุงุก ุ,transfer methods
663,ุงุฒุงู ุงุนุฑู ุงุฐุฆ ูุงู ุนูุฏู ูููุดูุง ููุง ูุงุ,symptoms
241,ุงุนุฏุฏ ุงุฒูุตูุจูู ูู  ุงููุบุฑุจ,infected cases
170,ุนุฏุฏ ุงุนูุตุงุจูู ูุตุฑ,infected cases
755,ูู ุงูุฑููุง,infected cases
417,ุงุฒุงู ุงูุดุฃุต ูุนุฑู ุงูู ุนูุฏู ููุฑููุง ุงูุฅ ุขูุนูููุฉ ุงููููุฒู ููุง,symptoms
34,ุงุนุฑุงุถ ูุฑููุง ุงุตุงูููู,symptoms
572,"ูุณูุด ุงูุง ุจุณุงู ูู ุงูููู ููุท 
ูุด ุงูุญุงูุงุช ูุฏูุง",infected cases
27,ุงุนุฑุงุถ,symptoms
790,ูููู ุงุนุฑู ูุชู ูุชู ุงูุงุฎุชูุงุก ุฏู ููุฑุณ ูุญููุง ููู ูุชุฃุซุฑ ุดุงุนุชูุงุน ุฏุฑุฌุฉ ุงูุญุฑุงุฑุฉ,warm weather
142,ููุงุฐุง ุธุฌ ูุชู ุฎูู ุงุนุฏุงุฏ ุงููุชุนุงููู ูู ุงููุฑุถ ูู ุนุซุฏ ุงูุงุตุงุจุงุช,nothing identified
709,ูุง ูู ูุณุงุฆู ุงูููุฆูู ูู ูููุญ ููุฑููุง ุงููุณุชุฌุฏ,precautions
105,ุงูู,greeting
338,ุงุนุฏุงุฏ ุงูุญุงูุซุช ูู ุงูููุฏ,infected cases
169,ูู ุนุฏุฏ ุงูุฎุตุงุจูุช ูู ููููุช,infected cases
459,ุงูุง ุจุนุดู ูู ุนunctional test,nothing identified
408,ููุณููู,nothing identified
336,ูุฏุฏ ุงูุญุงูุงุช ุงุฎูุตุงุจุฉ ูู ุงูููุฏ,infected cases
348,ูุงู ุนุฏุถ ููุงุตุงุจู ุจููุฑูุณ ูุฆุฑููุง ุจูุตุฑุ,infected cases
688,ููุงุกุฉ ๐,reviews
274,ุนุงูุฒู ุงุนุฑุจ ุงุฒุงู ุงูุชูู ูุงูุง ูู ุงูุดุงุฑุน,precautions
36,ุฃููุง ูููุณู,greeting
682,ุนุฅุฏ ุงูุญุงูุงุช ุงูุฌุฏูุฏุฉ ูู ุฎุตุฑ,infected cases
654,ููุฑููุง ููุฎูุต ุฅูุชู,the evolution of the virus
71,ุขู ูู ุทุฑู ุงูุชููู ููุฑูุณ ูุฑุฑููุง,transfer methods
512,ุนููู ุงูู ูู ุงูุตุฏุฑ,assessment
297,ุฏุตุฏู ููููููู,nothing identified
620,ุขุชู ููุชูู ูู ูุฐุง ุงููุจุงุก,the evolution of the virus
532,ุฑุญุดุชููู ูุง ุบุงููุฉ,crush
228,ุนุจุงุฌ ููุฑูุณ ููุฑููุง ููููู ูุชููุฑ ุงูุชูู,treatment
646,ูููุณุฉ,greeting
638,ุฃุฎุจุงุฑ ุฌุฏุงุฏู,infected cases
432,ุนุฏุฏ ุงูุญุงูุงุช ูู ูุตุฑ,infected cases
242,ุนุฏุฏ ุงูุญูุงุช ุงูุงุฌุงุจูู ุบู ุงุฌุฑููุง ูู ุณูุญุช,infected cases
223,ุฃุนุฏุงุฏ ุงููุตุงุจูู ููุจูุงุฑุฏุฉ ูู ูุตุฑ ูุงู,infected cases
352,ุงุนุฏุงุฏ ุงุงุญุกูุงุช ูู ุงูุทุงููุง,infected cases
253,ุฃุฎุจุงุฑู ุฅูู,how are you
68,ุงุนุฑุงุถ ุงูุงุตุฉุจุฉ ุจููุฑููุง,symptoms
486,ูู ุชู ุงูุฌุดุงู ุนูุงุฌ,treatment
699,ูู ุงูุฃุญุณู ุฃูุจุณ ูุงุฉุน ููุง ูุฃ,muzzle/mask
590,ุงูููุงูู,precautions
346,ุฅุนุฏุงุฏ ุงููุตุงุจุงู ูู ูุตุฑ ุจุณุจ ูุฑุฑููุง,infected cases
507,ูุฃู ุนุฏู ุงูุญุงูุงุช ูู ูุญุงูุธุฉ ุงููููุง,infected cases
69,ุตุฏุงุน,assessment
58,ุงุนุฑู ุตุฒูู ุงูู ูุฑูุถ ููุฑููุง,symptoms
720,ุทุฑููุงูููุงูู,precautions
30,ูุงู ุนุฏุต ุงููุตุงุจูู ูู ุงูุณุนูุถูุฉ,infected cases
173,ูู ุดูุจ ุงูููููู ูููุณ ุถุฏ ููุฑูุฏ ูุฑููุฉ,food and drinks
559,ุชูุฑูุต ุฅุนุฏุงุฏ ุงููุตุชููู ูู ูุตุฑ ุจุณุจ ูุงุฑููุง,infected cases
355,ุงูุญุธุฑ,curfew
659,ูุงู ุนุฏุฏ ุงูุญุงูุงุช ูู ูููููุช ููุทุฑ,infected cases
372,ูุงู ุนุฏุฎ ุงููุตุงุจูู ูู ุงูุงุณูุงุบูููู,infected cases
587,ูู ุฏููุณ ู ุงูุนุงูุข ูุงุตุงุจูุง ุงูููุฑูุณ,infected cases
7,ุนุฏุฏ ุงุฏุงุตุงุบุงุช ูุฑููู ูู ูุตุฑ,infected cases
764,ุนุฏุฏ ุญุงูุงุฒ ูููุงุช ุงูููุฑููุง ูุฑ ูุตุฑ ูุงูุฏูู ุงูุนุฑุจูุฉ,infected cases
278,ูู ุนุฏุฏ ุซุงูุงุช ุงููุตุงุจูู ูุงููุฑุซ ูู ุฌููุบุฑูู ูุตุฑ ุงูุนุฑุจูู,infected cases
457,ูููู,nothing identified
92,ูุงูุชูููู ุงู ุดุงุก ุงููู ุชุนุงูู ูุฑุจูุง ูุญุดุธูุง ุฌููุนุงู ูุงุฆุน ุงูุนุงูููู,prayers
598,ูู ูุก ุนุทุณ ูุงูุชุฑ ูู ูุฑู ูู ูู ูุงูุุ,assessment
236,ูููุณุฉ,greeting
393,ููููู ุงูุชุนุงูุฏ ูุน ุงูููุฑุณ,precautions
423,ุขููุข,greeting
132,ูู ุนุฏุฏ ุงูุญุงูุงุช ุงููุตุฅุจุฉ ูู ูุตุฑ,infected cases
239,ุทููุงููุฉ ุงูุฑุฆูุณูุฉ,greeting
577,ุนุฏุฏ ุญุงูุงุช ุงูุฆุฑููุง ุบู ูุทุฑ,infected cases
677,ุทูุจ ูุงุฐุง ุนู ุงููุตุฌ ุ,treatment
129,ูุง ุดูุฑุง,no
624,ุงูุงุฑุฏู,infected cases
134,ูุง ูุญุงูุธุฉ ุงููููุง ุงููุค ูู ูุตุฑ ูุด ุงุดุฏูุญู,infected cases
16,ุฃููุง ููููุณุง,greeting
660,ุงููุตุขุจูู ูุฏ ุฅุชู ุงูููุงุฑุฏุฉ,infected cases
735,ุงุนุฏุงุฏ ุงูุญููุงุช ูู ุฅุณุฑุงุฆูุข,infected cases
83,ุงูุง ุดุงุฉู ุงู ูู ุญุฏ ูู ุงูุฌูุฑุงู ุนูุฏู ุงูููุฑุณ ุงูู ุงูุฑูู ุงุชูู ุงุชุฑู ุจูู ุฉุดุงู ุงุจูููู,emergency
484,ุดุชุฑุง ูุญุถุฑุชู ูุฌุฒุงูู ุงููู ุฎูุฑุง,reviews
504,"ูุง ูุด ุงูุญุถุดูู, ุขูููุถูุน ุฒูู ููุฎูุต ุงูุชู",nothing identified
576,ููุฑููุง*,about corona virus
51,ูุง ุชู ูุณุชุคููุงุช ุงูุนุฒู ูู ุงููุงูุฑุฉ ุ,business location
265,ุนุฑูุช ุงู ุณุงุนุงุช ุจูุธูุฑ ุทูุญ ุดูุฏู ูู ุฏุง ุตุญุถุญ,symptoms
722,ุญุงูุงุช ุงููุงุฑุจู,infected cases
470,ุทูุจ ุงูู ูุฑุฅ ููุฑููุง ุนู ุงุฃุงูููููุฒุง,comparison
767,ุฅุฒุงู ุฃุทูุฑ ููุจูุช,sterilization and disinfection
164,ุงููุงุง,greeting
474,ูู ุงููุดุฑููุง ููุธู ูุชุญูู ููุฑุถ ููุณูู ุ,about corona virus
209,ุณุคุงูู ูู ุงูููุงุด ุงูุดุฏูุฏ ูุคููุจูุท ููู ุงุนุฑุงุถ ุฉูุถุบุท ุงูููุฎูุถ ูุน ูุซุงู ู ุงูุฌุณู ูุงูุชูุงุจ ู ุงูุญูู,assessment
307,ูู ุชู ุงุฎุชุฒุงุน ุนูุงุฌ ููุฑูุฐุง,treatment
303,ุงูุญุงูุงุช ูุด ูุทุฑ,infected cases
611,ุฅูุด ูู ุนุฏุฏ ูููุงุช ุจุตุฑ ุงูููุงุฑุฏุฉ ููู ุฑูู,infected cases
539,ุงูุฃุนุฑุงุฃ ุงููุณุงุณูู ูููุฑูุณ ููุฑููุง,symptoms
90,ูู ููุชูู ฺคุทุฑุณ ูุฑููุง ุจุงูููุฏุก,transfer methods
162,ูุงู ุนุฏุฃ ุงูุญุงูุงุช ูู ูุตุฑ,infected cases
2,ูุบู ููุชูู ููุฑููุงุ,the evolution of the virus
243,ุฏู ุนุฏุฏ ุงูุญุงูุงุช ูู ูุตุฑ,infected cases
320,ุงุนุฏุงุฏ ุงูุถุตุงููู ูู ูุตุฑ ุฃ ุงูุซููุช ู ุงูุทุงููุง ุงูุณุนูุฏูุฉ ูุจูุงู,infected cases
327,ูู ุงููุฑู ุฏู ูุจุฑุถู ูุงุธูุจุจุด ุนู ุงูุณุคุงู,nothing identified
339,ูู ุงูุชุตุงุจ ุงูุฌููุจ ุธูุฃูููุฉ ูููู ูุณุจุจ ูุฑูุฐุง,symptoms
586,ุนุฏุฏ ุงูุงุตูุจุงุช ูู ูุตุฑ,infected cases
736,ุงููุฑู ุจูู ุงูููููููุฒุง ูุงูููุฑููุง,comparison
612,ุงุนุฏุงุฏ ุงููุตุขุฃูู ูู ุงูุดุฑููู,infected cases
681,ุงูุณูุฏุงู,infected cases
730,ูุง ูู ุงูุงุฎุชุจุงุฑุงุช ุงููุทููุจุฉ ููุฌูุฏ ุงูููุฑูุณ ุ,disease detection
157,"ู ""fayat"".",infected cases
428,ูุง ุงูุฐู ุฃุนุฏ ุจูููุงู ุ,infected cases
377,ุจุฑุงูู ุฅููู ุ ููุณ. ุฃูุช ุฑูุนุช ุฑุฃุณูุง ุ ูุงูููู ุณุงุทูุฑ.,reviews
558,ูุง ูู ุงูุณููุงุฑูู ุงูุชุงูู ููุนุฏูู ูู ูุตุฑ ุ,the evolution of the virus
733,Namoti Smaronte,greeting
485,ุจูุงู ูุฒุงุฑุฉ ุงูุตุญุฉ,infected cases
510,ูู ููุงู ุฃู ุนูุงุฌ ุฃู ููุงุญ ุ,treatment
388,ูุง ูู (ูุฑููุง) ุ,about corona virus
401,ูุถุงูุง ูู ุงููููุฑุฉ,infected cases
171,ุญุงูุงุช ุงูููู,infected cases
468,ุทุฑู ุชูุธูู ุงูุฎุถุฑูุงุช,sterilization and disinfection
63,ูู ุนูุงุฌ ู ู (ููุฑุฒ) ุ,treatment
45,ุฃูุง ูุบุฏ ููู,panic among the people
549,ูุง ูู ุฃูุถู ุทุฑููุฉ ูุชุทููุฑูุง ุ,sterilization and disinfection
108,ุนุฏุฏ ุงูุญุงูุงุช,infected cases
759,ูุง ูู ุงูุบุจุงุก ุ,reviews
678,ูู ุงููุนู ูุน ุงููุฑุดุญ ูุงูุฃูุซุฑ ุดูุฑุฉ n95. ูู ุชุณุชุฎุฏู ุนุฏุฉ ูุฑุงุช ุจุนุฏ ุชุนููููุง ุฌูุฏุง ูุน ุงููุญูู ุฃู ูุง ุ,sterilization and disinfection
365,ูุง ูู ุขุฎุฑ ุงูุชุทูุฑุงุช ุงูุฏูููุฉ ูู ุตูุน ุจุตู ุฃู ุนูุงุฌ ุ,treatment
514,ูู ูุถูุฉ ุงูููู ุ,infected cases
536,ุนูู ุฑุงุฆุน,reviews
309,ุนุฏุฏ ุงูุฌุฑุญู Kam Daluogti,infected cases
704,ุงูุฑุฌุงุก ุ ุฅุฐุง ูุงู ุนูุฏู ุญุฏ ุฏุฑุฌุฉ ุงูุญุฑุงุฑุฉ ุ ุตุจุงุญุง 37 ูุงูููู ุณูุจูู 37 ู 6 ุดุฑูุท ุ ูููู ูุฌุจ ุฃู ูุง ูููู ูุชุนุจ ุฃู ูุญุชุงุฌ ุฅูู ุฃู ุดุฎุต ุนุงุฏู.,nothing identified
60,ููุชู.,nothing identified
550,ุฅูู ุงูููุฑูุณ ุฅูู ูุชุญุฑู ูู ุงูููุงุก,transfer methods
251,ุฃุฎุจุงุฑ ุงูุญุงูุงุช ูู ูุตุฑ,infected cases
317,. (ููู ุงูุฌูุนุฉ ุ (ูุงู) ุ (ููุดุง,infected cases
649,ูู ุนุฏุฏ ุงููุตุงุจูู ูู ูุตุฑ ุงูุขู ุ,infected cases
464,ููููุฉ ุงูุชุนุงูู ูุน ุงููุดุชุฑูุงุช ูุจู ุงูุฏุฎูู ุงูู ุงูููุฒู,precautions
397,ุดูุฑุง ููู.,reviews
471,ุฎุฐ ุงูููุฒู ูุงุณุชุฎุฏู ููุงูุฉ ุงููุญูู,sterilization and disinfection
356,ุฅูุดุงุก ุญุงูุงุช ูู ุฃููุฑุงููุง ูุฑูุณูุง,infected cases
370,ุชูุงุตูู ูุญุชููุฉ ุนู ุชุณุฌูู ุนูุงูู ุบูุฑ ุงููุธุงูููู.,nothing identified
489,ููู ูุดุท ุงูุฎู ูู ุงููุถุงุก ุนูู ุงูููุฑูุณ.,treatment
738,ุฃูุง ุงุณูู ุ ูุงููู ุ ูุฃูุง ุฃุนุฑูู. (ุฃุนุฑูู ุ ุขูุณุฉ โค๏ธ ูุงููู,about bot
607,ูุง ูู (ูุฑููุง) ุ,about corona virus
601,ุงูุชููุณ.,breathing test
312,ุนุฏุฏ ูุถุงูุง ูุตุฑ,infected cases
314,ููุงุฐุง ูุง ูุชู ุญุณู ุงููุถุงูุง ุงูุชู ุฃุตุจุญุช ุณูุจูุฉ ููุชู ุฎุตู ุงูุญุงูุงุช ูู ุงูุญุงูุงุช ุงููุตุงุจุฉ ุจุงูููุฑูุณ ุ,infected cases
26,ุงูุญุงูุงุช ูู ุฅูุทุงููุง,infected cases
593,ูู ุงููุงุณู ุตุญู ููุชุนุงูู ูุน ุงูุชุชููุฌ ุ,muzzle/mask
594,ูุฑูุณุง,infected cases
67,ููู ูู ุงูููุช ุณุชุณุชูุฑ ุงููุงูุฉ ุ,the evolution of the virus
455,ุนุฏุฏ ุงูุถุญุงูุง ูู ูุตุฑ ุญุณุจ ุงููุญุงูุธุงุช,infected cases
766,ุดูุฑุง ูู ุ ุงูุดูุณ.,reviews
657,ูุตุฑ ูุงูููููุฉ ุงูุนุฑุจูุฉ ุงูุณุนูุฏูุฉ,infected cases
23,(ูู ูู ุฃู ุฃุนุฑู ุฃุนุฑุงุถ (ููุฑูุง,symptoms
107,ุนุฏุฏ ุงูุฅุตุงุจุงุช,infected cases
125,ูุง ูู ุงููุณุงุญุฉ ุจูู ุงูุดุฎุต ูุงูุดุฎุต ุงูุฐู ูุญูู ุงูููุฑูุณ ุ,precautions
732,ุดูุฑุง โฅ๏ธ,reviews
546,ุงูุฎููุฌ.,end conversation
91,ุฃูses. (ุฃุนุฑู ุฏุฑุฌุฉ ุญุฑุงุฑุฉ ุงููุตุงุจูู ุจ ู (ููุฑูููุง,symptoms
499,ูุฐู ุงูุญุงูุงุช ูู ุฃูุฑููุง.,infected cases
752,ูู ูููู ูููุจู ุฃู ูุนุจุฑ ุนู (ููููุณ) ุ,infection by animals
288,ูู ุงุฎุชุฑุน ูุฐุง ุงูููุฑูุณ ุงููุนูู ุ,nothing identified
299,(ุฃูุช (ููู,about bot
403,-ุจุงูุถุจุท.,reviews
110,ูู ูููููู ุฃู ุฃููู ุจุงูุชุญููู ุ (ููู) ุ,laboratory
94,. ููุง ุจูุง ุฃุนุฑุงุถ ุงูููุฑูุณ ุงูุชุงุฌู ุ,symptoms
104,ุงููุฌููุนุฉ ุงูุฃุฎูุฑุฉ ูู ุงููุฑููุง,infected cases
525,ุฃูุงุณุชุฎุฏุงูุงุช ูู ุฃุนุฑุงุถ ุงููุฑููุง ุงูุฎุงุต ุ ูุงููุฑุญู ุงูุฎุงุต.,symptoms
749,ุฃูุง ุฃุชุญุฑู ูุชุฑูู ูุน ูุงุนุฏุฉ ูุธููุชู  ูููู ูุน ุชุญุฑูู ุงูุนุฑุจู ุงูุฎุงุต. ูููู ูู ูููููู ุฃู ุฃูุนู ูุง ุฃุนูุฏ ููููุฒู ุ,precautions
518,ุฃู ูู ุงูุฑูุจุฉ,assessment
59,ูุณุงุฆู ุงูููุน,precautions
609,"ููุถูุน ""ููุฑููุง"" ุณููุชูู ุนูุฏูุง ุ",the evolution of the virus
768,ูู ุนุฏุฏ ุงูุฃุดุฎุงุต ุงููุตุงุจูู ุจุงููุฑููุง ุงูููู ูู ูุตุฑ ุ,infected cases
603,ูุชู ุนุงุฏุช ุงูุฃููุฑ ููุง ูุงูุช ูู ูุตุฑ ูุจู (ูุฑููุง) ุ,infected cases
119,"ุจุงููุณุจุฉ ูููุตุงุจูู ูู ูุตุฑ ุ ูุงูุช ""ูุงุฑุฏุง""",infected cases
748,ุฃู ูุธุงู ุ,nothing identified
569,ุฃููุง ุจูู,greeting
440,ุงูุฃุนุฑุงุถ ุงูุฎูููุฉ ูู ุงูุดุนูุฑูุฉ,symptoms
535,ูู ุฃูุช ุ,about business
717,ุงูุญุฌุฑ ุงูุตุญู ูุจูุชูุฑ ุงูุฅุณููุฏุฑูุฉ,home quarantine
727,ุฃูุง ุฃุทูุจ ุนููุฉ ูู ุงูููุงุทุนุฉ,infected cases
630,ููู ุชูู ุงูุญุฑุงุฑุฉ ุณุญุจุช ูููุง ุ,warm weather
325,ูุงููู ุ ูุดูุฑุง ููู ูุซูุฑุง ูุจุฑูุงูุฌ ุฑุงุฆุน. ุดูุฑุง ููู.,reviews
203,ูู ููููุฏุง,infected cases
323,ูุง ูู ุฎุณุงุฆุฑ ูุตุฑ ุงูููู ุ,infected cases
136,ูุง ูู ุงูุฎุณุงุฆุฑ ุงูุจุดุฑูุฉ ุงูููู ูู ูุตุฑ ุ,infected cases
167,ุนูุฏู a ุจุฑูุฏุฉ ุฌุฏุง.,assessment
650,. ุฑูุจูุช ูุญุชุฑู,kindness
430,ูุถุงูุง ูู ุงููููุณุฉ,infected cases
175,ุฃูุง ูุงูุฏู ุ ูุฃูู ูุจูุฑุฉ ุงูุณู ุ ููุฏููู ุงูุถุบุท ุ ูุงูู ุฎุงุฆู ุฌุฏุง ูููู ุ ุงููู ุจุญุงุฌุฉ ููุญุตูู ุนูููุง.,most vulnerable
416,ุงูุฅุตุงุจุงุช ูุงููููุงุช,infected cases
696,ูุง ุงูุฃุฎุจุงุฑ ูุง (ููุณููู) ุ,how are you
353,ูุชุฑุฉ ุงูุชุดุงุฑ ุงูููุฑูุณ ุนูู ุงูุฃุณุทุญ.,transfer methods
458,ูู ุนุฏุฏ ุงูุญุงูุงุช ูู ุงูุณุนูุฏูุฉ,infected cases
321,ุฃูุจุงุก ุนู ุฅุนุฏุงุฏ ุงูุจูู ููููุฑูุณ ูู ูุตุฑ,infected cases
391,ูู ููุงู ุงูุตุงู ุ,treatment
641,ููุฑูุณ ููุฑููุง,about corona virus
434,ูู ุงููุนู ูุน ุงููุฑุดุญ ูุงูุฃูุซุฑ ุดูุฑุฉ n95 ูุงุฑูุง. ููููู ุงุณุชุฎุฏุงููุง ุนุฏุฉ ูุฑุงุช ุจุนุฏ ุชุนููููุง ุจุงููุญูู.,sterilization and disinfection
676,ุฃุนุฑุงุถ ุงููุฑููุง,symptoms
86,ุงููุญุงุฐุงุฉ ุงูุฃูุจุฑ ูู ููุณูุนูุง,infected cases
616,ูู ุงููุงุณ ุงูุฐูู ูุชุบุงุฒู (ููุฑูุณ) ุ (ููู) ุ,business location
411,"ุฌูุฏ ุฌูุฏ, ุญุธุง ููููุง",reviews
708,ุนุฏุฏ ุงูุญุงูุงุช ุงูุฅุณุจุงููุฉ,infected cases
385,ูู ุฃุฑุจุนุฉ ุฃูุงู ุ ุฃุดุนุฑ ุจุงุญุชูุงู ุงุญุชูุงูู ููููุง ูุจุงุชุฌุงู ุงูุฌููุจ ุจุนุฏ ูููู,assessment
415,ูุฏู ุฑุฏ,assessment
713,ูู ุงูุฃูุถู ุฃู ูุฑุชุฏู ุฌูุงุฑุจู ุฃู ูุง,gloves
333,ุฅุนุฏุงุฏ ุณููุงุฌ,infected cases
10,ูู ุงูููุฑูุณ (ููุฑูุง) ูุจูููู ุงูููุงุจุณ. ูุฃุญุฐูุฉ,transfer methods
191,(ูููู ูู ุงูููุงูุงุช ูู (ููุฑููุง,precautions
6,ูุง ูู ูุฑุถ ูุฑููุง ุ ูุงูุนูุงุฌ ุ ูุทุฑู ุงูุงุชุญุงุฏ ุ,treatment
477,ุฅุฐุง ูุงู ูู ุณูููู.,assessment
85,ูู ุนุฏุฏ ุงูุญุงูุงุช ูู ุฃูุฑููุง ุงูููู ุ,infected cases
765,ูู ุนุฏุฏ ุงููุตุงุจูู ูู ูุตุฑ ุงูุขู ุ,infected cases
596,ุงูุญุงูุงุช ุงููุตุงุจุฉ,infected cases
640,ุฃูุง ุฃุญุจู ูุฑูุณ.,kindness
692,ุนุฏุฏ ุญุงูุงุช ุงูููู,infected cases
555,ูุง ูู ุฃุนุฑุงุถ ููุฑููุง,symptoms
118,ุนุฏุฏ ุงูุญุงูุงุช ูุงููุฑุณ ูู ูุตุฑ,infected cases
467,ุงูุฅุนุฏุงุฏ ูู ูุตุฑ,infected cases
544,ุจุงูุงุฎุชูุงุท,transfer methods
618,ุนุงุฑู ููุงุฐุง ุ,nothing identified
144,ุงููุณุชุดููุงุช ุงูุญุฌุฑูุฉ ูู ูุตุฑ,business location
329,ูุงู ูุงู ูุนุฏ ุงูุฌุฑุญู ุงูููู.,infected cases
769,ูุชู ูุชููู (ููุฑุฒ) ุ,about corona virus
224,ุฅุนุฏุงุฏ ุงููุงุณ ุงููุตุงุจูู,infected cases
653,ูุถุงูุง ุงูููู,infected cases
700,ุทูุจ ุ ุงูุฃุฑุฏู ุ ูุงู ุ ุงููุถุน,infected cases
61,ูู ุนุฏุฏ ุงูุฅุตุงุจุงุช ูู ูุตุฑ ูุงููููุช ุ,infected cases
439,ุงูุณูู ูู ุงููุงูุน.,reviews
604,(ุฅูุฒู),how are you
605,ุนูู ุงููุตุฑููู ุฃููุฆู ุงูุฐูู ุณูุนูููู ูุฏูู.,nothing identified
221,ูุง ูู ุงูุฃููุงู ูู ุงูุณูููุง ุ (ุฏููุชู) ุ,nothing identified
290,ููุฐุง ูู ุงูุณุจุจ ูู ุฃู ุงููููุน ุจุฃูููู ูู ุงููุบุฉ ุงูุฅูุฌููุฒูุฉ.,spoken languages
697,ุงูุงุณุชุนุฏุงุฏ ูู ุฑูุณูุง ูุงู,infected cases
273,ูู ุงูุตุฏุงุน ูู ุฃุนุฑุงุถ ุงููุฑุถ ุ,symptoms
564,. (ุฃูุง (ูููุฒู) ุ (ููุณ ุฃูุช ุนุงููุฉ.,how are you
719,ููู ุญุงู ุงูุญุฌุฑ ุงูุตุญู ุ,home quarantine
289,ุนูู ุฃู ุญุงู ุ ุธูุฑุช ูู ูุตุฑ ุฃูุณ.,infected cases
286,ูู ุณูุนูุฏ ุฃูุชูุง ุ,back to work
583,ุดูุฑุง ููู ุนูู ุงูุจูุงู ูุงูุฌูุฏ ุงููุจูุฑ. ุชูุฏูุฑู ุงูุตุงุฏู ูุงุญุชุฑุงูู ูู ุจูุฒูุฏ ูู ุงููุฌุงุญ,reviews
153,ุฃูุช ูู ุชุฌุจ ุนูู ุณุคุงูู,nothing identified
452,ุฅุนุฏุงุฏ ุงูุฌุฑุญู ูู ูุตุฑ ูุงููููุช,infected cases
547,ูุนู,yes
631,ูู ุนุฏุฏ ุงูุญุงูุงุช ุงูุชู ูุชููุน ุฃู ุชุนูุฏ ุฅูู ูุตุฑ ุ,infected cases
65,ูู ุณุชูุนู ุ,greeting
715,ุฃูุชููู ุจุงูุงู,nothing identified
639,ูู (ููุฑููุง) ุชูุชุดุฑ ุนุจุฑ ุงูููุงุก ุ,transfer methods
663,ุฃูุง ุฃุนุฑู ุฅู ูุงู ูุฏู (ููุฑููุง) ุฃู ูุง ุ,symptoms
241,ุนุฏุฏ ุงูุฌุฑุญู ูู ุงููุบุฑุจ,infected cases
170,ุนุฏุฏ ุงูุฌุฑุญู ูู ูุตุฑ,infected cases
755,ูู ุฃูุฑููุง.,infected cases
417,ุ ุงูุดุฎุต ูุนุฑู ุฃู ูุฏูู ุงูุดุฑูุงู ุงูุชุงุฌู. ูุงูุนูุงูุฉ ุงููููุฒุฉ ููุง,symptoms
34,(ุฃุนุฑุงุถ (ุงููุฑููุง ุงูุฃููู,symptoms
572,"ุฃูุง ููุท ุฃุณุฃู ูููู ูุงุญุฏ. 
ููุณ ูู ุงูุญุงูุงุช.",infected cases
27,ุฃุนุฑุงุถ,symptoms
790,ูู ูููููู ุฃู ุฃุนุฑู ุนูุฏูุง ูุชู ุงูุงูุชูุงุก ูู ูุฑุณุง ูุฑููุง ููุชุฃุซุฑ ุจุงุฑุชูุงุน ุฏุฑุฌุฉ ุงูุญุฑุงุฑุฉ ุ,warm weather
142,ููุงุฐุง ูุง ูุฎุตู ุนุฏุฏ ุงููุฑุถู ูู ุนุฏุฏ ุงูุฅุตุงุจุงุช ุ,nothing identified
709,ูุง ูู ูุณุงุฆู ุณูู ูุฑุณ (ููุฑููุง) ุงูุทุงุฒุฌ ุ,precautions
105,ูุฑุญุจ ู ุง ุ,greeting
338,ุชุดููู ุงููุถุงูุง ูู ุงูููุฏ,infected cases
169,ูู ุนุฏุฏ ุงูุฅุตุงุจุงุช ูู ุงููููุช,infected cases
459,ุฃูุง ุฃููู ุจุงูุงุฎุชุจุงุฑ ุงููุธููู ุงูุฎุงุต ุจู.,nothing identified
408,ููุณููู,nothing identified
336,ุนุฏุฏ ุงูุญุงูุงุช ูู ุงูููุฏ,infected cases
348,ูุงู) ุ ุนุฏุฏ ุงููุตุงุจูู ุจููุฑูุณ (ููุฑููุง) ูู (ูุตุฑ) ุ),infected cases
688,๐ ุงูููุงุกุฉ,reviews
274,ุฃุฑูุฏ ุฃู ุฃุนุฑู ููู ุฃุดุฑุจ ูุฃูุง ูู ุงูุดุงุฑุน,precautions
36,(ูุฑุญุจุง ุ (ูููุณ,greeting
682,ุนุฏุฏ ุงููุถุงูุง ุงูุฌุฏูุฏุฉ ูู ูุตุฑ,infected cases
654,MERS Hrid Gratie,the evolution of the virus
71,ุขู ุ ุทุฑู ููู MERS,transfer methods
512,ูุฏู ุฃูู ูู ุงูุตุฏุฑ,assessment
297,ููุชู ุฃู ุฃุชุญุฏุซ ุฅูููู.,nothing identified
620,ูุชู ูููู ูุฐุง ุงููุจุงุก ุ,the evolution of the virus
532,ุจูุฏู ุงููุญุด ุ ุงูุซูููุฉ.,crush
228,ุนูุงุฌ ุงูููุฑูุณ ุงูุชุงุฌู ูุชููุฑ ุฃูู ุ,treatment
646,(ููููุฒ),greeting
638,ุฃุฎุจุงุฑ ุฌุฏูุฏุฉ,infected cases
432,ุนุฏุฏ ุงููุถุงูุง ูู ูุตุฑ,infected cases
242,ุนุฏุฏ ุงูุฃุฌูุจุฉ ูู ุฃูุฑููุง ุ ุฑุฌุงุก.,infected cases
223,ุนุฏุฏ ุงููุตุงุจูู ูู ูุตุฑ,infected cases
352,ุงุนุฏุงุฏ ุงูุญุงูุงุช ูู ุงูุทุงููุง,infected cases
253,ูุง ุงูุฃุฎุจุงุฑ ุ,how are you
68,ุฃุนุฑุงุถ ุนุฏูู ููุฑูุณ ููุฑููุง,symptoms
486,ูู ุชู ุงูุชุดุงู ุนูุงุฌ,treatment
699,ูู ุฃุฑุชุฏู ุฃูุถู ููุงุจุณู ุฃู ูุง ุ,muzzle/mask
590,. ุงููุญุงูุต,precautions
346,ูุตุฑ : ูุตุงุจ ุจุงูุนุฏูู ูู ูุตุฑ ุจุณุจุจ ูุงุฑููุง,infected cases
507,ุ (ูุนุฏุฏ ุงูุญุงูุงุช ูู ููุงุทุนุฉ (ููููุง,infected cases
69,ุตุฏุงุน,assessment
58,(ุฃุนูู ุฃูู ุณุฆูุช ูู (ููุฑููุง,symptoms
720,". ""ุชุงุฑุชุงุฑุงููุฑุด""",precautions
30,ุนุฏุฏ ุงูุฌุฑุญู ูู ุงูุณุนูุฏูุฉ,infected cases
173,ุดุฑุจ ุงูุฌูุฑ ุงูุฌูุฑ ุถุฏ ููุฑูุณ ุงูุชูุฌุงู,food and drinks
559,ุชูุฑูุฑ ูููุตุงุจูู ูู ูุตุฑ ุจุณุจุจ ูุงุฑููุง,infected cases
355,ุงูุญุธุฑ,curfew
659,ุนุฏุฏ ุงูุญุงูุงุช ูู ุงููููุช ููุทุฑ,infected cases
372,ูุงู) ุ ุนุฏุฏ ุงููุตุงุจูู),infected cases
587,ูู ุจูุฏ ุฃุตูุจ ููู ุงูุนุงูู ุจุงูููุฑูุณ.,infected cases
7,ุฎุณุงุฆุฑ ูุฑูู ูู ูุตุฑ,infected cases
764,ุนุฏุฏ ุงููููุงุช ุจุณุจุจ ููุฑูุณ ููุฑููุง ูู ูุตุฑ ูุงูุฏูู ุงูุนุฑุจูุฉ,infected cases
278,ูู ุนุฏุฏ ุงูุญุงูุงุช ุงููุตุงุจุฉ ุจุงููุฑุถ ูู ุฌูููุฑูุฉ ูุตุฑ ุงูุนุฑุจูุฉ ุ,infected cases
457,ููู.,nothing identified
92,ูู ุงูุญุธ ุ ุฅู ุดุงุก ุงููู ุ ุชุนุงูู ูุงููู ูุญูุธูุง ุฌููุนุง ุ ูุง ุฑุจ ุงูุนุงูู.,prayers
598,ุฅุฐุง ุนุทุณุช ููุฑุฉ ูุงุญุฏุฉ ุฃุฎุฑู ุ ูู ุนููู ุฃู ุชููู ุ,assessment
236,(ููููุฒ),greeting
393,ููููุฉ ุงูุชุนุงูู ูุน ุงูููุฑูุณ,precautions
423,ูุฑุญุจุง-ูุฑุญุจุง-,greeting
132,ูู ุนุฏุฏ ุงูุญุงูุงุช ุงููุตุงุจุฉ ูู ูุตุฑ ุ,infected cases
239,ูุงููุง ุงูุฑุฆูุณู,greeting
577,ุนุฏุฏ ุญุงูุงุช ุงููุฑููุง ูู ูุทุฑ,infected cases
677,ุญุณูุง ุ ูุงุฐุง ุนู ุงููุตู ุ,treatment
129,ูุง ุ ุดูุฑุง,no
624,ุงูุฃุฑุฏู,infected cases
134,ูุง ูุญุงูุธุฉ ุงููููุง ุ ูุตุฑ ุ ููุณุช ุงูุฏููุฉ.,infected cases
16,ูุฑุญุจุง ุ ูุงููุณุง.,greeting
660,ููุงู ุงููุตุงุจูู ูู ุงููุฑุงูู.,infected cases
735,ุญุงูุงุช ุฅูุดุงุก ุญุงูุงุช ูู ุฅุณุฑุงุฆูู,infected cases
83,(ุฃูุง ููุฎ ูู ุญู (ููุฑูุณ ุ ุงูุฑูู ุงูุฐู ุฅุชุตู ุจู ุฅุชุตู ููุฎุจุฑูู,emergency
484,ุดูุฑุง ูุญุถูุฑู ุดูุฑุง ููู. ุงูุฑุจ ุฌูุฏ,reviews
504,ููุณ ุงูุญุถุงูุฉ ุ ุงูุดูุก ุจุฃูููู ูุฎุชู ุฃูุชู.,nothing identified
576,Corona *,about corona virus
51,ูุง ูู ูุณุชุดููุงุช ุงูุนุฒู ูู ุงููุงูุฑุฉ ุ,business location
265,ููุช ุฃุนุฑู ุฃู ุงูุณุงุนุงุช ุชุธูุฑ ุทูุญ ุฌูุฏู ูู ูุฐุง ุตุญูุญ ุ,symptoms
722,ุญุงูุงุช Anharde,infected cases
470,"ุทูุจ. ""ูุฑู"" ููุฑููุง ุญูู ุงูุฅูููููุฒุง",comparison
767,. ุฃุทูุฆ ุงูููุฒู,sterilization and disinfection
164,! (ุขูุง),greeting
474,ูู ููุฑููุง ูู ุงููููู ุฃู ุชุตุจุญ ูุฑุถุง ููุณููุง ุ,about corona virus
209,ุณุคุงูู ูู ุตุฏุงุน ุดุฏูุฏ ููุจูุท ุ ูุฌููุน ุฃุนุฑุงุถ ุงูุถุบุท ุงูููุฎูุถ ูุน ูุฒ ุงูุฌุณู ูุงูุชูุงุจ ุงูุญูู.,assessment
307,ูู ุงุฎุชุฑุน ุงูุนูุงุฌ ููุฑููุฑ ูุฏููุง ุ,treatment
303,ูุถุงูุง ูู ูุทุฑ,infected cases
611,ูุง ูู ุนุฏุฏ ุงููููุงุช ุงููุตุฑูุฉ ููู ุ,infected cases
539,ุงูุฃุนุฑุงุถ ุงูุฑุฆูุณูุฉ ููููุฑูุณ ุงูุชุงุฌู,symptoms
90,ูู ุณูุชุญุฑู (ุงูุฏูุฑุณ ูุฑููุง) ูู ุงูููุงุก ุ,transfer methods
162,ุนุฏุฏ ุงููุถุงูุง ูู ูุตุฑ,infected cases
2,"ูุชู ุชูุชูู ""ููุฑููุง"" ุ",the evolution of the virus
243,ูู ุนุฏุฏ ุงูุญุงูุงุช ูู ูุตุฑ ุ,infected cases
320,ุนุฏุฏ ุงููุตุงุจูู ูู ูุตุฑ ุ ุงููููุช ุ ุฅูุทุงููุง ุ ุงูููููุฉ ุงูุนุฑุจูุฉ ุงูุณุนูุฏูุฉ,infected cases
327,ูู ุงูููุฑ ุ ูููุณ ููุงู ุณุคุงู ุญูู ุงูุณุคุงู.,nothing identified
339,ูู ุงูุชูุงุจ ุงูุฌููุจ ูููู ุฃู ูุณุจุจ ููุง ุงููุฑููุง ุ,symptoms
586,ุงูุฅุตุงุจุงุช ูู ูุตุฑ,infected cases
736,ุงููุฑู ุจูู ุงูุงูููููุฒุง ูููุฑูุณ ููุฑููุง,comparison
612,ุฅุนุฏุงุฏ ุงูุฌุฑุญู ูู ุงูุดุฑูุฉ.,infected cases
681,ุฌููุจ_ุงูุณูุฏุงู,infected cases
730,ูุงุงูู ุงููุญูุต ุงููุนุชูุฏู ูุชุญุฏูุฏ ุชูุงุฌุฏ ุงูููุฑุณ,disease detection
157,ุญุงูุงุช_ุงุฎุชูุงู,infected cases
428,ูุงุง ุฅุนุฏุงุฏ ูุตุงุจุฉ ููุช_ุบูุฑ,infected cases
377,ุจุฑุงฺคู ุนููู ู ูููุณุฉ ูุงุชุฑูุนูู ุฑุฃุณูุง ูุงูู_ู ู ุดุทูุฑุฉ,reviews
558,ูุงููุจ ุณููุงุฑูู ุงูููุจู ููุงุตุงุจุฉ ุนูู ููุจูุง,the evolution of the virus
733,ูููุณุชู ุณูุณูููุชู,greeting
485,ุจูุงู_ุฑุณูู ูุฒุงุฑุฉ ุงูุตุญุฉ,infected cases
510,ุ ุซูู ุงู ูุนูุงุฌ ูุงู ูุนุชูุฑ .,treatment
388,ูุงุง ููุง ุงูุซุนูุจู,about corona virus
401,ุงูุงููุงุช ูู ุงููููู,infected cases
171,ุงูุญุงูุงุช ุงููููู,infected cases
468,ุงุณุงููุจ ุชุญุฑูุฑ ุงูุชูุงุจู,sterilization and disinfection
63,ุ ูุชู ุงูุชูุตู_ูุงุชูุงู ูุชุดุฎูุต ุฌุฏูุฏ_ูููุฑูุณ ูุฑููุง,treatment
45,ุฃูุง ูุฎุงูู ูููู,panic among the people
549,ูุงุงูู ุงุณูุง ุจุทุฑููู ููุนูู,sterilization and disinfection
108,ูุนุฏุฏ ุญุง๏ปปุช,infected cases
759,ุงููู ุงูุณุฐุงุฌู ูุฏู,reviews
678,ููู ุงูููุงุจุณ_ุงูุฏุงุฎููู ุชูู ุงูุซูู ูุงู ุฃุดูุฑูุง n95. ููู ุชุณุชุฎุฏููุง ุนุฏุฉ ูุฑู ูุจู ุชููุฆุชูุง ูุซูุฑุง ุจุงูุฑูุงู . ูุง,sterilization and disinfection
365,ูุงุง ุขุฎุฑ ุงุฎุฑ_ุงููุณุชุฌุฏุงุช ุงูุงูุฑูููู ู ูุตูุน ูููุบ ! ุน๏ปปุฌ,treatment
514,ฺฏู ูุนุฏุฏ ุงููุถุงูุง ุงููููู,infected cases
536,ุงูุดุบู ุจุงูุฎ,reviews
309,ูุนุฏุฏ ุงููุตุงุจููู ุจูุงู ุงูููุชู,infected cases
704,. ูุงุณุน_ูุถูู ููุง ุญุฏ_ููุฌู ุญุฑุงุฑุชู ุจุชููู ุจุงููู ูกูง ูุจููู ุจุชูุฒู ูกูง ููค ุดุฑูุท ูู ููููุด ุชุนุนุจ ุฃู ุญุงุฌุงุช ูุฏู ุจุณ,nothing identified
60,ูุชุชู,nothing identified
550,ูุงู ุงููุงูุฑูุณ ููุน_ููุงุชุญุงุฏ ุนูู ุฌููุง,transfer methods
251,ุฃุฎุจุงุฑ ุงูุญูุงุช ูู ููุจูุง ุฅู ููู ุจุชุงุน,infected cases
317,ููู ุงูุฌูุนุฉ ุฎูุณุชุงุดุฑ ููุง ูููุณุฉ,infected cases
649,ฺฏู ุนุฏุฏูู ุงููุตุงุจููู ูู ุงูุฌุฒุงุฆุฑ ุง๏ปปู,infected cases
464,ุดููู ุชุนุงูููุง ูุนู ุงูุงุดุชุฑุงูุงุช ูุจุนุฏูุง ุงูุฏุฎูู ุงููุณุฌุฏ,precautions
397,ุดูุฑุงู,reviews
471,ุงุตุงุงุฑุฎ ุงูุญูุด ูุงุฒุงู ุงุณุชุนูู ุงูุชูู ูุฎุฏุฑุงุช,sterilization and disinfection
356,ุงูุงุนุฏุงุฏ ุงูุญูุงุช ู ุฃููุฑุงููุง ู ุงูููุงูุงุช_ุงููุชุญุฏู,infected cases
370,ุงูููุฑูุถ ุชูุงุตูููุง ุนูู ุชุณุฌููู ุงูุดุฑูุงุช ุบูุฑ ุงุนุชูุงุฏูู,nothing identified
489,ููุฏู ููุนุงููู ุงููุญุจ ูู ุงููุงููู ุนูุฆ ููุฑูุณ,treatment
738,ูุงูู ุงูุงุณู ุฑูุจุฑุช ููุง ุญุงุจู ุงุนุฑูุฌ ูุชุฑ ูุงูููุณุฉ ููุงุฑู ๐,about bot
607,ุงููู ููู ุงูุฏุฑู,about corona virus
601,ูุงูุชููุณ ุฒุงู,breathing test
312,ูุนุฏุฏ ูุญุงูุงุช ููุจูุง ุงูููุงุฑุฏุฉ,infected cases
314,ููุงุฐ ุชุชู ุงูุชุฎููุถ ุงูุงููุงุช ูุงูุชู ุชุญูู ูุณูุจูุฉ ูุงูุงููุงุฆูู ูุจู_ููุงุชูุง . ุงูุงุฌูุงูู ุงููุถุงูุง ุงููุตุงุจุฉ ุจุงูููุฑูุณุ,infected cases
26,ุงููุถุงูุง ูู ูุฑูุณุง,infected cases
593,ุ ุงูุดูุฒ ุงูุฏุงูุชูู ูุตุญู ููุชุนุงูุด ุนูู ุงูุงูุจููุง,muzzle/mask
594,ุจุฑูุทุงููุง,infected cases
67,ููู ูุชุง ุณุชุณูุฑ ุงูุงูุจููุง,the evolution of the virus
455,ุจุนุฏุฏ ุงูุฅุตุงุจุงุช ูู ุงูุจูุฏ ุจูุงุกุง ูุญุงูุธุงุช,infected cases
766,ุดูุฑุง_ุฌุฒููุง ู ููุณูุฉ,reviews
657,ุงูุฌุฒุงุฆุฑ ูุงูุฑููุง,infected cases
23,ูููู ุงููู ุงุนุฑุงุถูุง ุงูุฑููุงุชููุฏู,symptoms
107,ุนุฏุฏูู ุงูุฅุตุงุจุงุช ุงูููุงุฑุฏุฉ,infected cases
125,ูุงูู ุงููุณุงุญุฉ ูุจูู ุดุฎ_ุต ูุงูู ุชุญูู . ุงูุฅุตุงุจุฉ ุจุงูููููููุง,precautions
732,ุดูุฑุงุง ๐,reviews
546,ูุงู,end conversation
91,ุนุงูุฒู ุจุนุฑู ุงูุฏุฑุฌู ุญุฑุงุฑุฉ ุงููุตุงุจูู ุจุงููุฑููุง ุจูุจูู ุจูุงู,symptoms
499,ุจูุฐู ุงููุถุงูุง ู ุฃูุฑููุง,infected cases
752,ุ ููุจู ุงูููุฑูุถ ููู ููู ุงููููุณ,infection by animals
288,! ุงุฎุชุฑุงุน ูุฐ ุงูููุฑุณ ุงููุนููุ,nothing identified
299,ุงูุชู ููู,about bot
403,ุนุงู_ุงูุนุงู,reviews
110,ุงูููุฑูุถ ูุงุนูู ุชุญููู ูููุ,laboratory
94,ุงูู ุงููู ุงูุฑุงุถ ุงูุงุตุงุจุฉ ุจุงูููุชุญูู ูุงูุง,symptoms
104,ุงูู ูุงุนุฏุงุฏ ุงููุฑููุง,infected cases
525,ูุนุงูุฒ ุงุนุฑุงุถูุง ููุฑููุง ูุจุงูุงุฎุต ุงููุชุฑู ุงูุงุฎูุฑู,symptoms
749,ูุงูู ุจุชุฏุฎู ูุชูุฑ_ุงูู ุจุญุฌู ุดุบูู. ุงุตูุง ุจุชููุฐ ุจุณูุงุฑุชู ุงูุฎุงุตู. ุงุตูุง ูุงุฒู ูุงุนูู ุงููู ุจุงูู ู ุฑุฌุนุช ุจูุชูู,precautions
518,ูุงูุงู ู ุงูุฑูุจุฉ,assessment
59,ุทุฑู ูุงูููุงูู,precautions
609,ุจููุถูุน ููุฑูุณ_ููุฑููุง ููุชูู ูุชุง ูุงูุง,the evolution of the virus
768,ุฌู ุจุนุฏุฏ ูุตุงุจูู ุจูุฑููุง ุงููููู ุจููุจูุง,infected cases
603,ูุชู ูุชุฑุฌุน ุงููุฑ ูููุง ูุงูุงูุช ูู ููุจูุง ูุจุนุฏ ูุฑููุงุ,infected cases
119,ููุฌุฑุญู ู ุงูุฌุฒุงุฆุฑ ุงูููุงุฑุฏุฉ ููุงู,infected cases
748,ุงููู ุงููุทุงู,nothing identified
569,ุฃููุงู,greeting
440,ุงูุฃุนุฑุงุถ ุงูุฎูููุฉ ุงููุฑููุฉ,symptoms
535,. ุงูุชูุ,about business
717,ุงูุญุฌุงุฑู ุงูุญูููู ุจุฃุจูููุฑ ุงูุฅุณููุฏุฑูุฉ,home quarantine
727,ุงูู ูุณุงู ูุนู ูุญุงูุธุฉ ูุนููุฉ,infected cases
630,ูููุงุฐุง ุจุฏุฑุฌู ุฏุฑุฌุงุช_ุงูุญุฑุงุฑู ูุชููููู,warm weather
325,ุงูุณู_ุจุงููู ุดูุฑุง_ุฌุฒููุง ุฌุฒููุงุง ุจุจุฑูุงูุฌ ุฌููู_ุฌุฏุง ูุดูุฑุง ูููุณุฉ,reviews
203,ูู ุงูููุณูู,infected cases
323,ูุงุง ุจุนุฏุฏ ุฅุตุงุจุงุช ุงูุฌุฒุงุฆุฑ ูุงูููู,infected cases
136,ูุงุง ุนุฏุฏูู ูุตุงุจูู ูุงูููู ูู ุงูุฌุฒุงุฆุฑ,infected cases
167,ุนูุฏู ูุจุฑุฏ ูุดุฏูุฏ,assessment
650,ุจููุณ ุงูุณุงู_ูุญุชุฑู ุงูู,kindness
430,ุงูุญูุงุช ูู ูุตู,infected cases
175,ุงูุงุง ุงูู_ูุงุจู ู ุงูู ุงููุจุงุฑ ูู ุณููู ูุงุนูุฏูู ุงูุธุบุท ูุฎุงููู ุนูููุง ุฌุฏุฏุง ูุชุนุฌุจููุด ุญุงุงุฌู,most vulnerable
416,ูุชูุฑูุฑ ุงูุฅุตุงุจุงุช ุงูุญูุงุฏุซ_ุงููุฑูุฑูู,infected cases
696,ุงููู ุงุฎุจุงุฑ ู ูููุณุฉ,how are you
353,ูุฏุฉ ุงูููุชุดุฑู ูุงูุฑุณ ุนู_ู ุงูุนุฌูุงุช,transfer methods
458,ููู ูุนุฏุฏ ุงูุญูุงุช ุนูู ุงูุณุนูุฏูุฉ,infected cases
321,ุฃุฎุจุงุฑ ุฅุนุฏุงุฏ ุงูุงูุฏุฒ ุงูุงูุจูู ูู ุงูุจูุฏ,infected cases
391,ููู ููุงฺฏ ุงูุฎูุงุฒูุฑโ ูุนูู,treatment
641,ุงูููุฑูุณ ููุฑูุณ_ููุฑููุง,about corona virus
434,ููู ุงูููุงุจุณ_ุงูุฏุงุฎููู ุฐู ุงูุณููุชููุฑ ููู ุฃุดูุฑูุง ูุงุฑูุฉ n95. ูุณุชุญูู ุงุณุชุฎุฏุงู ุนุฏุฉ ูุฑู ูุจู ุจูููุงูู ุงูุถุง ุจุงูุฑูุงู,sterilization and disinfection
676,ุงูุฑุงุถ ุงูุฏุฑู,symptoms
86,ุงูุจุฑูู ูุฏูุฑุงูู ูููู ูุฑูุฑูุง,infected cases
616,ููุง_ุฏูู ุงูุจุดุฑ ููู ุจูุฌููู ููุฑุณ ุจุชุชุนุฒู ูููู ูุนูู,business location
411,ูุฌููุฏ_ูุจูุฑ ูุจุนุฏูู .. ุจุงูุชููููู,reviews
708,ูุนุฏุฏ ุงูุงููุงุช ุฒ ุงุณุจุงูุง,infected cases
385,", ุซูุงุซ ุงุณุงุจูุน ุจูุญุณุณูู ุจุงุฎุชูุงู ุฌูุฏ ุงููุฌุฑ ุจูุฑูุญ ุนูุจ ูุฏู",assessment
415,ูุงูู ุนูุฏู ุงูุจุฑุฏ,assessment
713,ููุง ุงูุฃุญุณู ุฃูุจุณ ุฌุงูุช ู๏ปป ๏ปป,gloves
333,ุฅุนุฏุงุฏ ุงููููุง,infected cases
10,ููู ููุฑูุณ ุงูุฑููุงุชููุฏู ุจูุจูู ุนูู. ุงูููุงุจุณ. ูุงูุงุญุฐูุฉ,transfer methods
191,"ูููุฉ ููุงูู , ุงูููููุฒุง_ุงูุฎูุงุฒูุฑ",precautions
6,ูุงุง ููุง ูุฑูุถ ุงููุฑููุง ูุนูุงุฌูุง ุทุฑู ุงูููุงุจู,treatment
477,ููุง ูุงุนูุฏู ุณุฎูููุฉ,assessment
85,ููู ุนู ุงูุญูุงุช ูู ูุฑูุณุง ูุงูููู,infected cases
765,ฺฏู ูุนุฏุฏ ุงููุตุงุจููู ุจููุจูุง ุญุงููุง,infected cases
596,ุงููุถุงูุง ุงููุตุงุจุฉ,infected cases
640,ูุงูู ุงุญุจุจู ูููุณุฉ,kindness
692,ุจุนุฏุฏ ุญุง๏ปปุช ุงููููู,infected cases
555,ูุงุง ููู ุฃุนุฑุงุถ ุงูููููุฒุง_ุงูุฎูุงุฒูุฑ,symptoms
118,ููุงู ุจุนุฏุฏ ุงูุญูุงุช ุฎูู ููุฑููุง ู ุงูุฌุฒุงุฆุฑ,infected cases
467,ุงูุชุฌููุฒุงุช ู ุงูุฌุฒุงุฆุฑ,infected cases
544,ุนูู ุจุทุฑูู ูุดู_ุงููุฌู,transfer methods
618,ุนุงุฑูุฉ ุนุดุงู ูุนูู,nothing identified
144,ุงููุณุชุดููุงุช_ุงูุฎุงุตู ุญุฌุฑ ูู ููุจูุง,business location
329,ุจูุงู ุจุงุนุฏุงุฏ ุฅุตุงุจุงุช ุงููููู,infected cases
769,ููู ูุงูุชููู ููุฑูุณุงุช ูุฑููุง .,about corona virus
224,ูุงุนุฏุงุฏ ุงููุตุงุจููู ุงูููุฑุฏู,infected cases
653,ุงููุถุงูุง ุงููููู,infected cases
700,ุจุณ ู ุงูุฃุฑุฏู ุจูุงู ุญุงูุฉ,infected cases
61,ฺฏู ุจุนุฏุฏ ูุงูุงุตุงุจุงุช ูู ุงูุฌุฒุงุฆุฑ ู ุงูุฎููุฌ,infected cases
439,ุงูุณูุฑูุฑ ูุงูุนู ูุงุญุฌ,reviews
604,ุฅุฒูู,how are you
605,ูุงุฒู ุงูุดุนุจ_ุงููุตุฑู ูุงูุฑูู_ุงููู ุจุณ ููุดุชุบูููู,nothing identified
221,ุงูู_ุจุงูุธุจุท ุงููุงู ุงูุงูู ู ุณูููุง ูุฏู ูุงูุง,nothing identified
290,ููู ุนุดุงู ุงูุงูููู ูููู ุนุฑุจู,spoken languages
697,ุงูุชุญุถูุฑ ูู ุงููุฑูุง ุจูุงู,infected cases
273,ุ ุตุฏุงุน . ุฃุนุฑุงุถ ููุฑููุงุ,symptoms
564,ุงูู ูููุณ ู ๐ขุชูุถูุญ ุงูุชู ุนููุช ุงููู,how are you
719,ูุดููู ูุงูููู ุงูุญุฌุงุฑู ุงูุญูููู,home quarantine
289,ู ุฃู ุญุงูุฉ ุฌุงุกุช ู ููุจูุง ูุงูุณ,infected cases
286,ูุงูุฑุฌุน ุดุบููู ุงูุชูุ,back to work
583,ุดูุฑุง_ุฌุฒููุง ุนูู ุงูุฅูุงุฏุฉ ุงููุฌููุฏ ุงูุนูู_ุงูุนุธูู ูุดุฎ ุชูุฏูุฑู ูุชุญูุงุชู ูฺฏู ูู ููุฒูุฏ ! ูููุฌุงุญ,reviews
153,ููู ุงุฌุฑุค ุนูู ุงุณุชูุณุงุฑู,nothing identified
452,ุฅุนุฏุงุฏ ูุตุงุจูู ู ุงูุจูุฏ ุงููููุช,infected cases
547,ูุนูู,yes
631,ุฌู ุจุนุฏุฏ ุงูุญูุงุช ุงููุณุชุจุนุฏ ุธูุฑูุงุง ู ุงูุฌุฒุงุฆุฑ,infected cases
65,ููุง_ูุบูุง,greeting
715,ูุงูุชู ุฌูุงูู,nothing identified
639,ููู ูุฑููุง ูููุชุดุฑ ุจูุงุณุทู ุงูููุงุงุก ูุงูุง,transfer methods
663,ุงุฒุงู ูุงุนุฑู ูู ููุงู ุนูุฏู ููุฑูุณ_ููุฑููุง ูุง ูุงุ,symptoms
241,ุงุณุฑุฏ ูุตุงุจูู ูู ุงูุฌุฒุงุฆุฑ,infected cases
170,ุนุฏุฏูู ูุงููุตุงุจูู ุงูุฌุฒุงุฆุฑ,infected cases
755,ูู ุฑูุณูุง,infected cases
417,ุฏูููุชู ูุงูุดุฎุต ูุนุฑูู ุงูู ูุงุนูุฏู ููุฑูุณ_ููุฑููุง ุงููู ุงูุนูุงูุฉ ุงููุชููุฒู ููู,symptoms
34,ุงุนุฑุงุถูุง ููุฑููุง ุงููุจุฏุฆูู,symptoms
572,ูุนููุด ุงูู ุจุงุณุงู ุนูู ุงููููู ุจู ููุด ุงููุถุงูุง ุงุบูุจูุง,infected cases
27,ุงุนุฑุงุถู,symptoms
790,"ูููู ุจุนุฑู ูุชู ุชู ุงูุชูุงุฆู , ูููุฑุณ ูุงุฑููุง ููุงุฐุง ูุชุฃุซุฑ ุงุฑุชูุงุน ุฏุฑุฌุฉ ุงูุญุฑุงุฑุฉ",warm weather
142,"ูููุงุฐุง ๏ปป ุชุชู ุงูุชุฎููุถ ูุงุนุฏุงุฏ ูุญุงุฑุจูุง , ูุฑุถู , ุจุนุฏุฏ ูุงูุงุตุงุจุงุช",nothing identified
709,ูุงุง ููุง ุทุฑู ููุงูู . ฺคูุฑูุณ ุงูููููุฒุง_ุงูุฎูุงุฒูุฑ #_ูููุณุชุฌุฏูู_ุจุงูุฌุงูุนู,precautions
105,ููุง,greeting
338,ุงูุงุนุฏุงุฏ ุงููุถุงูุง ู ุจุฑูุทุงููุง,infected cases
169,ููู ูุนุฏุฏ ุงุตุงุจุงุช ุนูู ุฏูุฑุชูุง,infected cases
459,ุงูุงุง ุงุนูู ููู functional test,nothing identified
408,ูุฑุบูุฒุณุชุงู,nothing identified
336,ุนุฏุฏูู ุงูุญูุงุช ุงููุตุงุจุฉ ุนูู ุงููุงุจุงู,infected cases
348,ููุงู ูุนุฏุฏ ูุงูุงุตุงุจู ุจูุฑุถ_ุงูููููุฒุง_ุงูุฎูุงุฒูุฑ ููุฑููุง ุจูุตุฑุ,infected cases
688,ููุงุกุฉ ๐,reviews
274,ุนุงูุฒ ุจุนุฑู ูุงุฒุงู ูุงุญุชูู ูุงูู ุนูู ุงููููุฑูุจุงุต,precautions
36,ุฃููุง โุชุนุฌุจูู,greeting
682,ุจุนุฏุฏ ุงูุงููุงุช ุงูุฌุฏูุฏุฉ ูู ุงูุจูุฏ,infected cases
654,ูุฑููุง ุจูุฎูุต ุฅูุชู,the evolution of the virus
71,ุขู ููู ุงูุทุฑู ุงูุถูุงู ุงูููุฑูุณ ููุฑูุณ_ููุฑููุง,transfer methods
512,ุนูุฏู ุงููู ู ุงูููุจ,assessment
297,ูุตุฏูุง ุจููุงุฌูููู,nothing identified
620,ูุชุง ููุชูู . ููุฐุง ุงูุณุนุงุฑ,the evolution of the virus
532,ูุญุดุงุงูู ู ุบุงููุฉ,crush
228,ูุนูุงุฌ ููุฑุณ ุงูููููุฒุง_ุงูุฎูุงุฒูุฑ ุญูุจูู ูุชููุฑ_ูุฏููุง ุงูุชูุ,treatment
646,ูููุณุฉ,greeting
638,ุฃุฎุจุงุฑ ุฌุฏูุฏูโฆ,infected cases
432,ุจุนุฏุฏ ุงููุถุงูุง ูู ุงูุฌุฒุงุฆุฑ,infected cases
242,ุนุฏุฏูู ุง๏ปปููุงุช ุงูุณูุฏุงููู ูู ูุฑูุณุง ุงุฐุง ุณุชุณูุญ,infected cases
223,ุฃุนุฏุงุฏ ูุตุงุจูู ุงูููุงุฑุฏุฉ ู ุงูุจูุฏ ุฎูุณุชุงุดุฑ,infected cases
352,ูุงุนุฏุงุฏ ุงููุถุงูุง ูู ุงููุงููุง,infected cases
253,ุฃุฎุจุงุฑู ุฅูู,how are you
68,ุงุนุฑุงุถูุง ุงูุงุตุงุจุฉ ุจุงูููููุฒุง_ุงูุฎูุงุฒูุฑ_:,symptoms
486,ุ ุณูู_ูุชู ุงููุดู_ุนู ุน๏ปปุฌ,treatment
699,ููุงุฐุง ุงูุฃุญุณู ุฃูุจุณ ููุงุณู ูุงูุง ูุฃ,muzzle/mask
590,ุทุฑู_ุงูุชุฎูุต,precautions
346,ุฅุนุฏุงุฏ ูุงููุตุงุจูู ูู ุงูุฌุฒุงุฆุฑ ูุงูุณุจุจ ุงูุงูุฒูุงููุฑ,infected cases
507,ูุฃู ุนุฏุฏูู ุงูุงููุงุช ูู ูุญุงูุธุฉ ุงููููู,infected cases
69,ุตุฏุงุน_ูุตูู,assessment
58,ุจุนุฑู ูุงุฒุงู ูุงูู ูุฑุถ ูุฑููุง,symptoms
720,ุทุฑูุฑุงูููุงูู,precautions
30,ููุงู ูุนุฏุฏ ูุตุงุจูู ู ุงูุณุนูุฏูุฉ,infected cases
173,ููุง ุดุฑุจูุง ุงูุจุฑุชูุงู ูููุณู ุถุฏูู ุงูููุฑูุณ ูุฑููุฉ,food and drinks
559,ูุดู_ุชูุฑูุฑ ุฅุนุฏุงุฏ ูุตุงุจูู ูู ููุจูุง ูุจุณุจุจ ุงููุฑููุง,infected cases
355,ุญุธุฑ_ุงูุชุฌูู,curfew
659,ููุงู ุจุนุฏุฏ ุงููุถุงูุง ูู ุงูููููู ุงูุณุนูุฏูู_ููุทุฑ,infected cases
372,ุจูุงู ุจุนุฏุฏ ูุตุงุจูู ู ุงูุงุณููุฏุฑูู,infected cases
587,ูู ุฏููุฉ ู ุจุงูุนุงูู ูููฑุณููู ุงูููุฑุณ,infected cases
7,ูุนุฏุฏ ุงุตุงุจุงุช ุฒุงุงุฌ ูู ุงูุจูุฏ,infected cases
764,ุนุฏุฏูู ุงูุญุงูุงุช ูููุงุช_ุฌุฏูุฏู ููุฑููุง ูู ุงูุจูุฏ ููุฏูู ุงูุนุฑุจูุฉ,infected cases
278,ฺฏู ูุนุฏุฏ ูุญุงูุงุช ูุงููุตุงุจูู ุจุงูุตุฏูู ูู ุจุฌูููุฑูู ููุจูุง ุงููุฑูุณูู,infected cases
457,ูููู,nothing identified
92,ุจุงูุชููููู ุงูู ุงุฑุงุฏ ุงูู_ู ุชุนุงูู ูู_ุฑุจูุง ูุญูุธ_ุจูุงุฏูุง ุฌููุนุงู ูุงุฑุจู ุงูุนุจุงุฏ,prayers
598,ููุง ูู ููุญ ููุงู ! ูุฑูู ุ ุนูู ูููุุ,assessment
236,ูููุณุฉ,greeting
393,ุจููููู ุงูุชุตุฑู ูู ุงููุงูุฑุณ,precautions
423,ุขููุข,greeting
132,ุฌู ูุนุฏุฏ ุงููุถุงูุง ุงููุตุงุจุฉ ุนูู ููุจูุง,infected cases
239,ุงููุงููุฉ ุงูุฑุฆูุณูุฉ,greeting
577,ุนุฏุฏูู ุงูุญุงูุงุช ูุฑููุง ุนูู ููุทุฑ,infected cases
677,ุทููุจ ููุงุฐุง ูุนู ุงูุญูู ูุงูุง,treatment
129,๏ปป ุดูุฑุง_ุฌุฒููุง,no
624,ุณูุฑูู,infected cases
134,ูุงุง ูุญุงูุธุฉ ุณููุงุฌ ุงููู ูู ููุจูุง ุจุฑุฏู ุงูุณูุทู,infected cases
16,ุฃููุง ูุงููุณุง,greeting
660,ูุงููุตุงุจูู ุงู ุฅูู ุงูููุงุฑุฏุฉ,infected cases
735,ุจุงุนุฏุงุฏ ุงููุถุงูุง ู ุฅุณุฑุงุฆูู,infected cases
83,ุงูู ุงุดู ูุง ูู ูููุด_ุญุฏ . ุฌูุฑุงููู ูุงุนูุฏู ุงููุงูุฑุณ ุงูู_ุจุงูุธุจุท ุฑููู ุนุดุงู ุงุชุตูู ุจูู ุจุณ ูุชุงูุฏูู,emergency
484,ูุดูุฑุง ูููู ูุฌุฒุงูู ุงูู_ู ุฎู_ุฑุง,reviews
504,"๏ปป ุจุฑุฏู ุงูุญุถุงูู, ูุงูููุถูุน ูููู ุจูุฎูุต ุงูุชุง",nothing identified
576,ููุฑููุง*,about corona virus
51,ูุงุง ููู ุงููุณุชุดููุงุช_ุงูุฎุงุตู ุงูุงุจุฑูุงุก ุนูู ุงููุงูุฑุฉ ูุงูุง,business location
265,ูุนุฑูุช ุงูู ุฎูุณ_ุณุงุนุงุช ุจูุจูู ุทูุญุช ูููุตู ููุงุฐุง ูุฏุง ุตุญ,symptoms
722,ุญุง๏ปปุช ุงููุฑุฏู,infected cases
470,ุจุณ ุงูู_ุจุงูุธุจุท ูุฑุฑู ุงูููููุฒุง_ุงูุฎูุงุฒูุฑ ุนูู ุงูุฒูุงู,comparison
767,ุฅุฒุงู ุฃุทูุฑ ุจูุชูู,sterilization and disinfection
164,ุงููู,greeting
474,ุ ุงูุงูุจููุง ุงูููุฑูุถ ุชุญููุช ูุญุงูุงุช ููุณููู .,about corona virus
209,ุงุณุชูุณุงุฑู ูุงู ุตุฏุงุนู ุงููุณุชูุฑ ูุงูุตุนูุฏ ุจูู ุงูุฑุงุถ ุธุบุท ุงูุถุบุท_ุงูุฌูู ุนูู ูุงูุณูููู ุจ ุงูุฌุณุฏ ูุงูุชูุงุจ ู ุจุงูุญูู,assessment
307,ุ ุณูุชู ุงุฎุชุฑุงุน_ุฌุฏูุฏ ูุนูุงุฌ ููุฑููุง,treatment
303,ุงูุงููุงุช ุนูู ุงูุฎููุฌ,infected cases
611,ุฅูู ูุงู ุจุนุฏุฏ ุญุงูู_ููุงู ุงูุจูุฏ ุงูููุงุฑุฏุฉ ูููู ุงูุณุทุฑู_ูุบูู,infected cases
539,ุงูุฃุนุฑุงุถ ุงูุชูุธูููู ููุงูุฏุฒ ููุฑูุณ_ููุฑููุง,symptoms
90,ุ ูุตู ูุฐุงุงูุฑ ุงููุฑููุง ุจุงูููุง,transfer methods
162,ุจูุงู ุจุนุฏุฏ ุงููุถุงูุง ูู ุงูุฌุฒุงุฆุฑ,infected cases
2,ูุชุง ูุจุฏุง ููุฑููุงุ,the evolution of the virus
243,ฺฏู ุนุฏุฏูู ุงููุถุงูุง ูู ููุจูุง,infected cases
320,ูุงุนุฏุงุฏ ูุตุงุจูู ู ููุจูุง ู ููููุช ! ูุฑูุณุง ุงูุณุนูุฏูุฉ ุจูุฑูุช,infected cases
327,ููู ุงูููุด ุจุชุงุน ููุณู ูุฌุงูุจุชูุด ูู ุณุคุงูู,nothing identified
339,ุ ูุงูุชูุงุจ ุงูุจููุช ุงูุฃูููุฉ ุงูููุฑูุถ ูุณุจุจ ูุงุฑููุง,symptoms
586,ูุนุฏุฏ ูุงูุงุตุงุจุงุช ูู ููุจูุง,infected cases
736,ุงูุงูุฏูู ูุจูู ุงูููููุฒุง ูุงูููุฑููุง,comparison
612,ูุงุนุฏุงุฏ ูุตุงุจูู ูู ุงูุฑูุงุถูู,infected cases
